Pickup Date,Order #,"Customer 
PO#",Recipient,"Carrier
Name","Carrier
Service","Tracking
Number"
3/29/21,055222,,Auto Todo Automotriz CM SA,,,
3/29/21,057238,1108172-1146476,Auto Accessories Garage,FedEx,,954679740980
3/29/21,1113347-1158669,,Auto Accessories Garage,FedEx,FEDEX_GROUND,954679741791
3/29/21,1113604-1152469,,Auto Accessories Garage,FedEx,FEDEX_GROUND,954679741850
3/29/21,1114356-1153303,,Auto Accessories Garage,FedEx,FEDEX_GROUND,954679741840
3/29/21,1115342-1154421,,Auto Accessories Garage,FedEx,FEDEX_GROUND,954679742000
3/29/21,1118144-1157474,,Auto Accessories Garage,FedEx,FEDEX_GROUND,954679738280
3/29/21,1118152-1157482,,Auto Accessories Garage,FedEx,FEDEX_GROUND,954679740122
3/29/21,1118163-1157495,,Auto Accessories Garage,FedEx,FEDEX_GROUND,954679738111
3/29/21,1118199-1157531,,Auto Accessories Garage,FedEx,FEDEX_GROUND,954679737527
3/29/21,1118202-1157534,,Auto Accessories Garage,FedEx,FEDEX_GROUND,954679739081
3/29/21,1118206-1157540,,Auto Accessories Garage,FedEx,FEDEX_GROUND,954679739997
3/29/21,1118213-1157546,,Auto Accessories Garage,FedEx,FEDEX_GROUND,954679740203
3/29/21,1118214-1157547,,Auto Accessories Garage,FedEx,FEDEX_GROUND,954679739520
3/29/21,1118223-1157558,,Auto Accessories Garage,FedEx,FEDEX_GROUND,954679740188
3/29/21,1118231-1157566,,Auto Accessories Garage,FedEx,FEDEX_GROUND,954679739644
3/29/21,1118238-1157574,,Auto Accessories Garage,FedEx,FEDEX_GROUND,954679737891
3/29/21,1118250-1157587,,Auto Accessories Garage,FedEx,FEDEX_GROUND,954679739770
3/29/21,1118258-1157595,,Auto Accessories Garage,FedEx,FEDEX_GROUND,954679740681
3/29/21,1118271-1157610,,Auto Accessories Garage,FedEx,FEDEX_GROUND,954679740144
3/29/21,1118280-1157620,,Auto Accessories Garage,FedEx,FEDEX_GROUND,954679740626
3/29/21,1118292-1157632,,Auto Accessories Garage,FedEx,FEDEX_GROUND,954679738590
3/29/21,1118293-1157633,,Auto Accessories Garage,FedEx,FEDEX_GROUND,954679738306
3/29/21,1118308-1157648,,Auto Accessories Garage,FedEx,FEDEX_GROUND,954679739151
3/29/21,1118311-1157651,,Auto Accessories Garage,FedEx,FEDEX_GROUND,954679738199
3/29/21,1118323-1157664,,Auto Accessories Garage,FedEx,FEDEX_GROUND,954679738968
3/29/21,1118328-1157669,,Auto Accessories Garage,FedEx,FEDEX_GROUND,954679740020
3/29/21,1118339-1157681,,Auto Accessories Garage,FedEx,FEDEX_GROUND,954679737663
3/29/21,1118343-1157685,,Auto Accessories Garage,FedEx,FEDEX_GROUND,954679738946
3/29/21,1118356-1157698,,Auto Accessories Garage,FedEx,FEDEX_GROUND,954679738188
3/29/21,1118367-1157710,,Auto Accessories Garage,FedEx,FEDEX_GROUND,954679739380
3/29/21,1118371-1157715,,Auto Accessories Garage,FedEx,FEDEX_GROUND,954679737880
3/29/21,1118372-1157716,,Auto Accessories Garage,FedEx,FEDEX_GROUND,954679740214
3/29/21,1118375-1157719,,Auto Accessories Garage,FedEx,FEDEX_GROUND,954679738317
3/29/21,1118379-1157723,,Auto Accessories Garage,FedEx,FEDEX_GROUND,954679739390
3/29/21,1118381-1157725,,Auto Accessories Garage,FedEx,FEDEX_GROUND,954679738935
3/29/21,1118382-1157726,,Auto Accessories Garage,FedEx,FEDEX_GROUND,954679739703
3/29/21,1118422-1157768,,Auto Accessories Garage,FedEx,FEDEX_GROUND,954679740523
3/29/21,1118441-1157787,,Auto Accessories Garage,FedEx,FEDEX_GROUND,954679738832
3/29/21,1118476-1157822,,Auto Accessories Garage,FedEx,FEDEX_GROUND,954679737939
3/29/21,1118483-1157829,,Auto Accessories Garage,FedEx,FEDEX_GROUND,954679740096
3/29/21,1118493-1157839,,Auto Accessories Garage,FedEx,FEDEX_GROUND,954679740225
3/29/21,1118500-1157846,,Auto Accessories Garage,FedEx,FEDEX_GROUND,954679739725
3/29/21,1118501-1157847,,Auto Accessories Garage,FedEx,FEDEX_GROUND,954679739596
3/29/21,1118516-1157863,,Auto Accessories Garage,FedEx,FEDEX_GROUND,954679739416
3/29/21,1118520-1157867,,Auto Accessories Garage,FedEx,FEDEX_GROUND,954679740350
3/29/21,1118538-1157886,,Auto Accessories Garage,FedEx,FEDEX_GROUND,954679738681
3/29/21,1118546-1157894,,Auto Accessories Garage,FedEx,FEDEX_GROUND,954679738730
3/29/21,1118554-1157902,,Auto Accessories Garage,FedEx,FEDEX_GROUND,954679738648
3/29/21,1118564-1157912,,Auto Accessories Garage,FedEx,FEDEX_GROUND,954679740317
3/29/21,1118574-1157924,,Auto Accessories Garage,FedEx,FEDEX_GROUND,954679737825
3/29/21,1118583-1157933,,Auto Accessories Garage,FedEx,FEDEX_GROUND,954679740556
3/29/21,1118591-1157941,,Auto Accessories Garage,FedEx,FEDEX_GROUND,954679737755
3/29/21,1118597-1157947,,Auto Accessories Garage,FedEx,FEDEX_GROUND,954679738019
3/29/21,1118609-1157961,,Auto Accessories Garage,FedEx,FEDEX_GROUND,954679739427
3/29/21,1118612-1157964,,Auto Accessories Garage,FedEx,FEDEX_GROUND,954679739883
3/29/21,1118619-1157971,,Auto Accessories Garage,FedEx,FEDEX_GROUND,954679740063
3/29/21,1118627-1157979,,Auto Accessories Garage,FedEx,FEDEX_GROUND,954679738990
3/29/21,1118632-1157985,,Auto Accessories Garage,FedEx,FEDEX_GROUND,954679740339
3/29/21,1118644-1157999,,Auto Accessories Garage,FedEx,FEDEX_GROUND,954679739894
3/29/21,1118659-1158015,,Auto Accessories Garage,FedEx,FEDEX_GROUND,954679737711
3/29/21,1118664-1158022,,Auto Accessories Garage,FedEx,FEDEX_GROUND,954679739677
3/29/21,1118666-1158024,,Auto Accessories Garage,FedEx,FEDEX_GROUND,954679738523
3/29/21,1118673-1158031,,Auto Accessories Garage,FedEx,FEDEX_GROUND,954679739368
3/29/21,1118674-1158032,,Auto Accessories Garage,FedEx,FEDEX_GROUND,954679739633
3/29/21,1118676-1158034,,Auto Accessories Garage,FedEx,FEDEX_GROUND,954679739986
3/29/21,1118679-1158037,,Auto Accessories Garage,FedEx,FEDEX_GROUND,954679739780
3/29/21,1118682-1158042,,Auto Accessories Garage,FedEx,FEDEX_GROUND,954679740199
3/29/21,1118699-1158059,,Auto Accessories Garage,FedEx,FEDEX_GROUND,954679740085
3/29/21,1118709-1158069,,Auto Accessories Garage,FedEx,FEDEX_GROUND,954679738122
3/29/21,1118717-1158079,,Auto Accessories Garage,FedEx,FEDEX_GROUND,954679739953
3/29/21,1118718-1158080,,Auto Accessories Garage,FedEx,FEDEX_GROUND,954679738604
3/29/21,1118721-1158084,,Auto Accessories Garage,FedEx,FEDEX_GROUND,954679738030
3/29/21,1118755-1158119,,Auto Accessories Garage,FedEx,FEDEX_GROUND,954679739195
3/29/21,1118759-1158123,,Auto Accessories Garage,FedEx,FEDEX_GROUND,954679740008
3/29/21,1118763-1158127,,Auto Accessories Garage,FedEx,FEDEX_GROUND,954679738773
3/29/21,1118765-1158129,,Auto Accessories Garage,FedEx,FEDEX_GROUND,954679738615
3/29/21,1118768-1158132,,Auto Accessories Garage,FedEx,FEDEX_GROUND,954679739975
3/29/21,1118771-1158135,,Auto Accessories Garage,FedEx,FEDEX_GROUND,954679739070
3/29/21,1118794-1158158,,Auto Accessories Garage,FedEx,FEDEX_GROUND,954679739942
3/29/21,1118806-1158172,,Auto Accessories Garage,FedEx,FEDEX_GROUND,954679740707
3/29/21,1118810-1158176,,Auto Accessories Garage,FedEx,FEDEX_GROUND,954679737593
3/29/21,1118812-1158178,,Auto Accessories Garage,FedEx,FEDEX_GROUND,954679738810
3/29/21,1118816-1158183,,Auto Accessories Garage,FedEx,FEDEX_GROUND,954679738270
3/29/21,1118823-1158190,,Auto Accessories Garage,FedEx,FEDEX_GROUND,954679737799
3/29/21,1118825-1158192,,Auto Accessories Garage,FedEx,FEDEX_GROUND,954679740409
3/29/21,1118826-1158193,,Auto Accessories Garage,FedEx,FEDEX_GROUND,954679739964
3/29/21,1118833-1158200,,Auto Accessories Garage,FedEx,FEDEX_GROUND,954679738096
3/29/21,1118837-1158204,,Auto Accessories Garage,FedEx,FEDEX_GROUND,954679739060
3/29/21,1118843-1158211,,Auto Accessories Garage,FedEx,FEDEX_GROUND,954679738177
3/29/21,1118846-1158214,,Auto Accessories Garage,FedEx,FEDEX_GROUND,954679740247
3/29/21,1118852-1158220,,Auto Accessories Garage,FedEx,FEDEX_GROUND,954679738751
3/29/21,1118863-1158232,,Auto Accessories Garage,FedEx,FEDEX_GROUND,954679737961
3/29/21,1118885-1158257,,Auto Accessories Garage,FedEx,FEDEX_GROUND,954679740258
3/29/21,1118886-1158258,,Auto Accessories Garage,FedEx,FEDEX_GROUND,954679738762
3/29/21,1118889-1158261,,Auto Accessories Garage,FedEx,FEDEX_GROUND,954679738225
3/29/21,1118892-1158264,,Auto Accessories Garage,FedEx,FEDEX_GROUND,954679737685
3/29/21,1118902-1158274,,Auto Accessories Garage,FedEx,FEDEX_GROUND,954679737836
3/29/21,1118916-1158290,,Auto Accessories Garage,FedEx,FEDEX_GROUND,954679738100
3/29/21,1118923-1158297,,Auto Accessories Garage,FedEx,FEDEX_GROUND,954679738020
3/29/21,1118925-1158299,,Auto Accessories Garage,FedEx,FEDEX_GROUND,954679738545
3/29/21,1118937-1158314,,Auto Accessories Garage,FedEx,FEDEX_GROUND,954679737652
3/29/21,1118938-1158315,,Auto Accessories Garage,FedEx,FEDEX_GROUND,954679740497
3/29/21,1118949-1158327,,Auto Accessories Garage,FedEx,FEDEX_GROUND,954679737619
3/29/21,1118955-1158333,,Auto Accessories Garage,FedEx,FEDEX_GROUND,954679739574
3/29/21,1118956-1158334,,Auto Accessories Garage,FedEx,FEDEX_GROUND,954679738291
3/29/21,1118961-1158339,,Auto Accessories Garage,FedEx,FEDEX_GROUND,954679738887
3/29/21,1118978-1158356,,Auto Accessories Garage,FedEx,FEDEX_GROUND,954679739611
3/29/21,1119001-1158380,,Auto Accessories Garage,FedEx,FEDEX_GROUND,954679737560
3/29/21,1119002-1158382,,Auto Accessories Garage,FedEx,FEDEX_GROUND,954679739758
3/29/21,1119003-1158383,,Auto Accessories Garage,FedEx,FEDEX_GROUND,954679738979
3/29/21,1119008-1158388,,Auto Accessories Garage,FedEx,FEDEX_GROUND,954679737674
3/29/21,1119011-1158392,,Auto Accessories Garage,FedEx,FEDEX_GROUND,954679737803
3/29/21,1119014-1158395,,Auto Accessories Garage,FedEx,FEDEX_GROUND,954679737870
3/29/21,1119031-1158415,,Auto Accessories Garage,FedEx,FEDEX_GROUND,954679737917
3/29/21,1119033-1158417,,Auto Accessories Garage,FedEx,FEDEX_GROUND,954679738269
3/29/21,1119038-1158422,,Auto Accessories Garage,FedEx,FEDEX_GROUND,954679738659
3/29/21,1119046-1158431,,Auto Accessories Garage,FedEx,FEDEX_GROUND,954679739769
3/29/21,1119048-1158433,,Auto Accessories Garage,FedEx,FEDEX_GROUND,954679738203
3/29/21,1119049-1158434,,Auto Accessories Garage,FedEx,FEDEX_GROUND,954679739140
3/29/21,1119055-1158440,,Auto Accessories Garage,FedEx,FEDEX_GROUND,954679737847
3/29/21,1119065-1158450,,Auto Accessories Garage,FedEx,FEDEX_GROUND,954679740074
3/29/21,1119067-1158452,,Auto Accessories Garage,FedEx,FEDEX_GROUND,954679738236
3/29/21,1119085-1158470,,Auto Accessories Garage,FedEx,FEDEX_GROUND,954679740442
3/29/21,1119098-1158483,,Auto Accessories Garage,FedEx,FEDEX_GROUND,954679738660
3/29/21,1119104-1158489,,Auto Accessories Garage,FedEx,FEDEX_GROUND,954679740030
3/29/21,1119110-1158495,,Auto Accessories Garage,FedEx,FEDEX_GROUND,954679740041
3/29/21,1119112-1158497,,Auto Accessories Garage,FedEx,FEDEX_GROUND,954679738258
3/29/21,1119129-1158515,,Auto Accessories Garage,FedEx,FEDEX_GROUND,61297641819929127272
3/29/21,1119134-1158520,,Auto Accessories Garage,FedEx,FEDEX_GROUND,954679738567
3/29/21,1119149-1158538,,Auto Accessories Garage,FedEx,FEDEX_GROUND,954679740133
3/29/21,1119152-1158541,,Auto Accessories Garage,FedEx,FEDEX_GROUND,954679737582
3/29/21,1119153-1158542,,Auto Accessories Garage,FedEx,FEDEX_GROUND,954679737696
3/29/21,1119166-1158555,,Auto Accessories Garage,FedEx,FEDEX_GROUND,954679739357
3/29/21,1119168-1158557,,Auto Accessories Garage,FedEx,FEDEX_GROUND,954679738578
3/29/21,1119181-1158573,,Auto Accessories Garage,FedEx,FEDEX_GROUND,954679738718
3/29/21,1119191-1158583,,Auto Accessories Garage,FedEx,FEDEX_GROUND,954679739688
3/29/21,1119196-1158588,,Auto Accessories Garage,FedEx,FEDEX_GROUND,954679738670
3/29/21,1119219-1158619,,Auto Accessories Garage,FedEx,FEDEX_GROUND,954679741508
3/29/21,1119228-1158628,,Auto Accessories Garage,FedEx,FEDEX_GROUND,954679741059
3/29/21,1119229-1158629,,Auto Accessories Garage,FedEx,FEDEX_GROUND,954679741450
3/29/21,1119230-1158630,,Auto Accessories Garage,FedEx,FEDEX_GROUND,954679740784
3/29/21,1119234-1158634,,Auto Accessories Garage,FedEx,FEDEX_GROUND,954679740979
3/29/21,1119237-1158637,,Auto Accessories Garage,FedEx,FEDEX_GROUND,954679741541
3/29/21,1119261-1158662,,Auto Accessories Garage,FedEx,FEDEX_GROUND,954679740843
3/29/21,1119291-1158697,,Auto Accessories Garage,FedEx,FEDEX_GROUND,954679741839
3/29/21,1119293-1158700,,Auto Accessories Garage,FedEx,FEDEX_GROUND,954679741703
3/29/21,AMS140328604,,Auto Mat Store,FedEx,FEDEX_GROUND,954679741460
3/29/21,BD112-0686116-4961857,,MN Global LLC,FedEx,FEDEX_GROUND,954679740854
3/29/21,BD113-6703364-5213005,,MN Global LLC,FedEx,FEDEX_GROUND,954679741405
3/29/21,BD113-7573008-7993003,,MN Global LLC,FedEx,FEDEX_GROUND,954679741276
3/29/21,BD113-7884658-4003425,,MN Global LLC,FedEx,FEDEX_GROUND,954679740865
3/29/21,BD114-2675765-8841804,,MN Global LLC,FedEx,FEDEX_GROUND,954679741380
3/29/21,BD114-4534114-7412213,,MN Global LLC,FedEx,FEDEX_GROUND,954679740957
3/29/21,BD114-6274226-5897801,,MN Global LLC,FedEx,FEDEX_GROUND,954679740946
3/29/21,BD114-8172039-6469051,,MN Global LLC,FedEx,FEDEX_GROUND,954679740876
3/29/21,BD24-06817-65125,,MN Global LLC,FedEx,FEDEX_GROUND,954679740924
3/29/21,35-1174616-34ZGPZ,,Onyx Enterprises Inc.,FedEx,FEDEX_GROUND,954679740729
3/29/21,35-1174687-34ZT9O,,Onyx Enterprises Inc.,FedEx,FEDEX_GROUND,954679739184
3/29/21,35-1174761-350EP6,,Onyx Enterprises Inc.,FedEx,FEDEX_GROUND,954679739118
3/29/21,35-1174772-350HTC,,Onyx Enterprises Inc.,FedEx,FEDEX_GROUND,954679739519
3/29/21,35-1174805-350RJ1,,Onyx Enterprises Inc.,FedEx,FEDEX_GROUND,954679740475
3/29/21,40358460-34N8K5,,Onyx Enterprises Inc.,FedEx,FEDEX_GROUND,954679738800
3/29/21,40437412-34W8QY,,Onyx Enterprises Inc.,FedEx,FEDEX_GROUND,954679738074
3/29/21,40437764-34WC,,Onyx Enterprises Inc.,FedEx,FEDEX_GROUND,954679739747
3/29/21,40438860-34WEG9,,Onyx Enterprises Inc.,FedEx,FEDEX_GROUND,954679740637
3/29/21,40443066-34WTBN,,Onyx Enterprises Inc.,FedEx,FEDEX_GROUND,954679740111
3/29/21,40445847-34X5D2,,Onyx Enterprises Inc.,FedEx,FEDEX_GROUND,954679738464
3/29/21,40447966-34XDI8,,Onyx Enterprises Inc.,FedEx,FEDEX_GROUND,954679737869
3/29/21,40448775-34XEQX,,Onyx Enterprises Inc.,FedEx,FEDEX_GROUND,954679738637
3/29/21,40449528-34XI5U,,Onyx Enterprises Inc.,FedEx,FEDEX_GROUND,954679739872
3/29/21,40450396-34XLAQ,,Onyx Enterprises Inc.,FedEx,FEDEX_GROUND,954679739130
3/29/21,40450579-34XMYO,,Onyx Enterprises Inc.,FedEx,FEDEX_GROUND,61297641819929127241
3/29/21,40452606-34Y1XD,,Onyx Enterprises Inc.,FedEx,FEDEX_GROUND,954679740545
3/29/21,40456670-34YIPJ,,Onyx Enterprises Inc.,FedEx,FEDEX_GROUND,954679737549
3/29/21,40457204-34YKRG,,Onyx Enterprises Inc.,FedEx,FEDEX_GROUND,954679739736
3/29/21,40457324-34YKWM,,Onyx Enterprises Inc.,FedEx,FEDEX_GROUND,954679737620
3/29/21,40458894-34YPEB,,Onyx Enterprises Inc.,FedEx,FEDEX_GROUND,954679738133
3/29/21,40460601-34YV4O,,Onyx Enterprises Inc.,FedEx,FEDEX_GROUND,954679740177
3/29/21,40466027-34ZCNP,,Onyx Enterprises Inc.,FedEx,FEDEX_GROUND,954679738876
3/29/21,40467373-34ZHI5,,Onyx Enterprises Inc.,FedEx,FEDEX_GROUND,954679737550
3/29/21,40468537-34ZLYA,,Onyx Enterprises Inc.,FedEx,FEDEX_GROUND,954679740486
3/29/21,40471914-34ZWB9,,Onyx Enterprises Inc.,FedEx,FEDEX_GROUND,954679740100
3/29/21,40475224-350FSI,,Onyx Enterprises Inc.,FedEx,FEDEX_GROUND,954679740306
3/29/21,40475725-350ID1,,Onyx Enterprises Inc.,FedEx,FEDEX_GROUND,954679739059
3/29/21,40475876-350ITD,,Onyx Enterprises Inc.,FedEx,FEDEX_GROUND,954679740534
3/29/21,40477465-350OAG,,Onyx Enterprises Inc.,FedEx,FEDEX_GROUND,954679739037
3/29/21,40477560-350OLV,,Onyx Enterprises Inc.,FedEx,FEDEX_GROUND,954679738340
3/29/21,40478773-350TF9,,Onyx Enterprises Inc.,FedEx,FEDEX_GROUND,954679739530
3/29/21,40479605-350VNN,,Onyx Enterprises Inc.,FedEx,FEDEX_GROUND,954679737858
3/29/21,40483586-35194Y,,Onyx Enterprises Inc.,FedEx,FEDEX_GROUND,954679739450
3/29/21,40483687-351846,,Onyx Enterprises Inc.,FedEx,FEDEX_GROUND,954679737630
3/29/21,40484089-351AMW,,Onyx Enterprises Inc.,FedEx,FEDEX_GROUND,954679740670
3/29/21,40485389-351DOB,,Onyx Enterprises Inc.,FedEx,FEDEX_GROUND,954679738497
3/29/21,40486671-351J5X,,Onyx Enterprises Inc.,FedEx,FEDEX_GROUND,954679740659
3/29/21,40488155-351NUG,,Onyx Enterprises Inc.,FedEx,FEDEX_GROUND,954679737906
3/29/21,40491731-351YRY,,Onyx Enterprises Inc.,FedEx,FEDEX_GROUND,954679740692
3/29/21,40491869-3520,,Onyx Enterprises Inc.,FedEx,FEDEX_GROUND,954679740660
3/29/21,40493055-352431,,Onyx Enterprises Inc.,FedEx,FEDEX_GROUND,954679738052
3/29/21,40493851-3527MF,,Onyx Enterprises Inc.,FedEx,FEDEX_GROUND,954679738924
3/29/21,40497715-352Z8P,,Onyx Enterprises Inc.,FedEx,FEDEX_GROUND,954679741552
3/29/21,40498334-3533TT,,Onyx Enterprises Inc.,FedEx,FEDEX_GROUND,954679741140
3/29/21,48-92130-34WYAP,,Onyx Enterprises Inc.,FedEx,FEDEX_GROUND,954679740280
3/29/21,3389355,,Overstock Accessories,FedEx,FEDEX_GROUND,954679739552
3/29/21,3392702,,Overstock Accessories,FedEx,FEDEX_GROUND,954679740740
3/29/21,03-06805-68187,,MN Global LLC,FedEx,FEDEX_GROUND,954679738902
3/29/21,03-06806-77829,,MN Global LLC,FedEx,FEDEX_GROUND,954679740410
3/29/21,03-06813-96205,,MN Global LLC,FedEx,FEDEX_GROUND,954679737641
3/29/21,03-06815-88798,,MN Global LLC,FedEx,FEDEX_GROUND,954679740730
3/29/21,06-06816-33463,,MN Global LLC,FedEx,FEDEX_GROUND,954679739243
3/29/21,06-06816-52077,,MN Global LLC,FedEx,FEDEX_GROUND,954679739791
3/29/21,07-06811-42576,,MN Global LLC,FedEx,FEDEX_GROUND,954679738166
3/29/21,07-06814-63683,,MN Global LLC,FedEx,FEDEX_GROUND,954679738501
3/29/21,08-06810-46940,,MN Global LLC,FedEx,FEDEX_GROUND,954679739026
3/29/21,08-06815-34657,,MN Global LLC,FedEx,FEDEX_GROUND,954679740383
3/29/21,09-06816-21721,,MN Global LLC,FedEx,FEDEX_GROUND,954679738556
3/29/21,10-06815-90533,,MN Global LLC,FedEx,FEDEX_GROUND,954679738214
3/29/21,11-06809-46868,,MN Global LLC,FedEx,FEDEX_GROUND,954679737516
3/29/21,11-06814-87113,,MN Global LLC,FedEx,FEDEX_GROUND,954679740328
3/29/21,111-0289484-7453038,,MN Global LLC,FedEx,FEDEX_GROUND,954679738795
3/29/21,111-0307928-6549056,,MN Global LLC,FedEx,FEDEX_GROUND,954679740604
3/29/21,111-0511973-0840229,,MN Global LLC,FedEx,FEDEX_GROUND,954679738008
3/29/21,111-1443476-5681814,,MN Global LLC,FedEx,FEDEX_GROUND,954679738085
3/29/21,111-3039804-6643415,,MN Global LLC,FedEx,FEDEX_GROUND,954679737994
3/29/21,111-6081463-4222625,,MN Global LLC,FedEx,FEDEX_GROUND,954679738350
3/29/21,111-9972425-0235429,,MN Global LLC,FedEx,FEDEX_GROUND,954679739379
3/29/21,111-9976897-3350627,,MN Global LLC,FedEx,FEDEX_GROUND,954679739276
3/29/21,112-0241173-5090625,,MN Global LLC,FedEx,FEDEX_GROUND,954679739861
3/29/21,112-2467250-8805035,,MN Global LLC,FedEx,FEDEX_GROUND,954679740590
3/29/21,112-2720103-9264213,,MN Global LLC,FedEx,FEDEX_GROUND,954679738589
3/29/21,112-4836176-3451454,,MN Global LLC,FedEx,FEDEX_GROUND,954679739471
3/29/21,112-5014270-4356205,,MN Global LLC,FedEx,FEDEX_GROUND,954679739048
3/29/21,112-5604718-2735402,,MN Global LLC,FedEx,FEDEX_GROUND,954679739482
3/29/21,112-7194401-0161827,,MN Global LLC,FedEx,FEDEX_GROUND,954679740795
3/29/21,113-0011232-8359419,,MN Global LLC,FedEx,FEDEX_GROUND,954679738486
3/29/21,113-0415812-3450640,,MN Global LLC,FedEx,FEDEX_GROUND,954679741416
3/29/21,113-1888403-4480208,,MN Global LLC,FedEx,FEDEX_GROUND,954679739346
3/29/21,113-2239654-0929015,,MN Global LLC,FedEx,FEDEX_GROUND,954679741633
3/29/21,113-2663596-5177851,,MN Global LLC,FedEx,FEDEX_GROUND,954679737983
3/29/21,113-2856112-2052211,,MN Global LLC,FedEx,FEDEX_GROUND,954679737972
3/29/21,113-3487734-0891439,,MN Global LLC,FedEx,FEDEX_GROUND,954679738339
3/29/21,113-4050630-7783412,,MN Global LLC,FedEx,FEDEX_GROUND,954679737788
3/29/21,113-5361795-9610667,,MN Global LLC,FedEx,FEDEX_GROUND,954679739850
3/29/21,113-5943068-5221843,,MN Global LLC,FedEx,FEDEX_GROUND,954679739840
3/29/21,113-7224247-8871469,,MN Global LLC,FedEx,FEDEX_GROUND,954679737608
3/29/21,113-7361315-2701829,,MN Global LLC,FedEx,FEDEX_GROUND,954679739265
3/29/21,113-7844191-1347447,,MN Global LLC,FedEx,FEDEX_GROUND,954679739839
3/29/21,113-9266242-5081860,,MN Global LLC,FedEx,FEDEX_GROUND,954679738409
3/29/21,114-0263884-3091470,,MN Global LLC,FedEx,FEDEX_GROUND,954679738843
3/29/21,114-0395483-5502655,,MN Global LLC,FedEx,FEDEX_GROUND,954679741530
3/29/21,114-2358415-7421017,,MN Global LLC,FedEx,FEDEX_GROUND,954679740589
3/29/21,114-2605887-4503438,,MN Global LLC,FedEx,FEDEX_GROUND,954679739335
3/29/21,114-3753713-2534603,,MN Global LLC,FedEx,FEDEX_GROUND,954679740578
3/29/21,114-4428792-2895425,,MN Global LLC,FedEx,FEDEX_GROUND,954679740567
3/29/21,114-5004219-2238640,,MN Global LLC,FedEx,FEDEX_GROUND,954679738442
3/29/21,114-5635773-7793826,,MN Global LLC,FedEx,FEDEX_GROUND,954679741265
3/29/21,114-6310351-6774626,,MN Global LLC,FedEx,FEDEX_GROUND,954679738394
3/29/21,114-6352609-0567446,,MN Global LLC,FedEx,FEDEX_GROUND,954679739324
3/29/21,13-06808-87623,,MN Global LLC,FedEx,FEDEX_GROUND,954679737777
3/29/21,14-06804-63193,,MN Global LLC,FedEx,FEDEX_GROUND,954679739909
3/29/21,14-06808-22393,,MN Global LLC,FedEx,FEDEX_GROUND,954679739655
3/29/21,14-06813-56426,,MN Global LLC,FedEx,FEDEX_GROUND,954679738626
3/29/21,15-06809-58827,,MN Global LLC,FedEx,FEDEX_GROUND,954679737505
3/29/21,15-06811-95464,,MN Global LLC,FedEx,FEDEX_GROUND,954679739449
3/29/21,16-06803-20187,,MN Global LLC,FedEx,FEDEX_GROUND,954679737490
3/29/21,16-06805-05485,,MN Global LLC,FedEx,FEDEX_GROUND,954679739092
3/29/21,16-06805-19654,,MN Global LLC,FedEx,FEDEX_GROUND,954679739563
3/29/21,19-06807-28568,,MN Global LLC,FedEx,FEDEX_GROUND,954679739221
3/29/21,19-06813-91590,,MN Global LLC,FedEx,FEDEX_GROUND,954679739460
3/29/21,20-06808-86601,,MN Global LLC,FedEx,FEDEX_GROUND,954679738144
3/29/21,21-06802-45622,,MN Global LLC,FedEx,FEDEX_GROUND,954679738512
3/29/21,21-06804-09577,,MN Global LLC,FedEx,FEDEX_GROUND,954679739508
3/29/21,22-06812-95423,,MN Global LLC,FedEx,FEDEX_GROUND,954679739666
3/29/21,23-06794-88694,,MN Global LLC,FedEx,FEDEX_GROUND,954679739162
3/29/21,23-06814-86278,,MN Global LLC,FedEx,FEDEX_GROUND,954679740898
3/29/21,24-06816-58889,,MN Global LLC,FedEx,FEDEX_GROUND,954679738957
3/29/21,25-06804-94148,,MN Global LLC,FedEx,FEDEX_GROUND,954679738155
3/29/21,27-06807-58104,,MN Global LLC,FedEx,FEDEX_GROUND,954679740512
3/29/21,27-06808-31760,,MN Global LLC,FedEx,FEDEX_GROUND,954679740236
3/29/21,27-06810-59013,,MN Global LLC,FedEx,FEDEX_GROUND,954679740361
3/29/21,4810882303148,,MN Global LLC,FedEx,FEDEX_GROUND,954679741677
3/30/21,11130952,,Auto Anything,FedEx,FEDEX_GROUND,501609764380
3/30/21,1112460-1159277,,Auto Accessories Garage,FedEx,FEDEX_GROUND,501609765960
3/30/21,1113166-1158718,,Auto Accessories Garage,FedEx,FEDEX_GROUND,501609764574
3/30/21,1114230-1153161-2,AAG1114230-1153161,Auto Accessories Garage,FedEx,FEDEX_GROUND,501609764633
3/30/21,1114293-1158807,,Auto Accessories Garage,FedEx,FEDEX_GROUND,501609764997
3/30/21,1119350-1158766,,Auto Accessories Garage,FedEx,FEDEX_GROUND,501609764828
3/30/21,1119355-1158772,,Auto Accessories Garage,FedEx,FEDEX_GROUND,501609764265
3/30/21,1119371-1158788,,Auto Accessories Garage,FedEx,FEDEX_GROUND,501609764780
3/30/21,1119387-1158809,,Auto Accessories Garage,FedEx,FEDEX_GROUND,501609764909
3/30/21,1119446-1158880,,Auto Accessories Garage,FedEx,FEDEX_GROUND,501609764519
3/30/21,1119447-1158881,,Auto Accessories Garage,FedEx,FEDEX_GROUND,501609764850
3/30/21,1119461-1158902,,Auto Accessories Garage,FedEx,FEDEX_GROUND,501609764975
3/30/21,1119468-1158911,,Auto Accessories Garage,FedEx,FEDEX_GROUND,501609764313
3/30/21,1119481-1158926,,Auto Accessories Garage,FedEx,FEDEX_GROUND,501609764427
3/30/21,1119503-1158954,,Auto Accessories Garage,FedEx,FEDEX_GROUND,501609764563
3/30/21,1119505-1158956,,Auto Accessories Garage,FedEx,FEDEX_GROUND,501609764438
3/30/21,1119513-1158965,,Auto Accessories Garage,FedEx,FEDEX_GROUND,501609764335
3/30/21,1119519-1158971,,Auto Accessories Garage,FedEx,FEDEX_GROUND,501609764200
3/30/21,1119523-1158975,,Auto Accessories Garage,FedEx,FEDEX_GROUND,501609764747
3/30/21,1119539-1158991,,Auto Accessories Garage,FedEx,FEDEX_GROUND,501609764508
3/30/21,1119561-1159014,,Auto Accessories Garage,FedEx,FEDEX_GROUND,501609764910
3/30/21,1119566-1159019,,Auto Accessories Garage,FedEx,FEDEX_GROUND,501609764986
3/30/21,1119574-1159027,,Auto Accessories Garage,FedEx,FEDEX_GROUND,501609764118
3/30/21,1119581-1159036,,Auto Accessories Garage,FedEx,FEDEX_GROUND,501609764243
3/30/21,1119586-1159042,,Auto Accessories Garage,FedEx,FEDEX_GROUND,501609764736
3/30/21,1119605-1159063,,Auto Accessories Garage,FedEx,FEDEX_GROUND,501609764894
3/30/21,1119620-1159080,,Auto Accessories Garage,FedEx,FEDEX_GROUND,501609764541
3/30/21,1119621-1159081,,Auto Accessories Garage,FedEx,FEDEX_GROUND,501609764449
3/30/21,1119657-1159119,,Auto Accessories Garage,FedEx,FEDEX_GROUND,501609764964
3/30/21,1119660-1159122,,Auto Accessories Garage,FedEx,FEDEX_GROUND,501609765618
3/30/21,1119664-1159126,,Auto Accessories Garage,FedEx,FEDEX_GROUND,501609764872
3/30/21,1119667-1159129,,Auto Accessories Garage,FedEx,FEDEX_GROUND,501609764460
3/30/21,1119668-1159130,,Auto Accessories Garage,FedEx,FEDEX_GROUND,501609764195
3/30/21,1119670-1159133,,Auto Accessories Garage,FedEx,FEDEX_GROUND,501609764368
3/30/21,1119678-1159141,,Auto Accessories Garage,FedEx,FEDEX_GROUND,501609764390
3/30/21,1119680-1159143,,Auto Accessories Garage,FedEx,FEDEX_GROUND,501609764302
3/30/21,1119686-1159149,,Auto Accessories Garage,FedEx,FEDEX_GROUND,501609765033
3/30/21,1119704-1159169,,Auto Accessories Garage,FedEx,FEDEX_GROUND,501609765310
3/30/21,1119707-1159172,,Auto Accessories Garage,FedEx,FEDEX_GROUND,501609765169
3/30/21,1119716-1159184,,Auto Accessories Garage,FedEx,FEDEX_GROUND,501609765559
3/30/21,1119724-1159192,,Auto Accessories Garage,FedEx,FEDEX_GROUND,501609765099
3/30/21,1119725-1159193,,Auto Accessories Garage,FedEx,FEDEX_GROUND,501609765103
3/30/21,1119732-1159201,,Auto Accessories Garage,FedEx,FEDEX_GROUND,501609765180
3/30/21,1119734-1159203,,Auto Accessories Garage,FedEx,FEDEX_GROUND,501609765412
3/30/21,1119748-1159219,,Auto Accessories Garage,FedEx,FEDEX_GROUND,501609765261
3/30/21,1119763-1159236,,Auto Accessories Garage,FedEx,FEDEX_GROUND,501609765526
3/30/21,1119782-1159255,,Auto Accessories Garage,FedEx,FEDEX_GROUND,501609765721
3/30/21,1119789-1159268,,Auto Accessories Garage,FedEx,FEDEX_GROUND,501609765732
3/30/21,1119799-1159279,,Auto Accessories Garage,FedEx,FEDEX_GROUND,501609765754
3/30/21,1119806-1159287,,Auto Accessories Garage,FedEx,FEDEX_GROUND,501609765700
3/30/21,1119812-1159293,,Auto Accessories Garage,FedEx,FEDEX_GROUND,501609765879
3/30/21,BD112-2915727-6477016,,MN Global LLC,FedEx,FEDEX_GROUND,501609765916
3/30/21,35-1175432-354YL8,,Onyx Enterprises Inc.,FedEx,FEDEX_GROUND,501609764162
3/30/21,35-1175501-355661,,Onyx Enterprises Inc.,FedEx,FEDEX_GROUND,501609764173
3/30/21,40501890-353HX6,,Onyx Enterprises Inc.,FedEx,FEDEX_GROUND,501609764585
3/30/21,40501930-353HT5,,Onyx Enterprises Inc.,FedEx,FEDEX_GROUND,501609764324
3/30/21,40504054-353Q3M,,Onyx Enterprises Inc.,FedEx,FEDEX_GROUND,501609764493
3/30/21,40506680-353Z0Y,,Onyx Enterprises Inc.,FedEx,FEDEX_GROUND,501609764210
3/30/21,40513317-354N5B,,Onyx Enterprises Inc.,FedEx,FEDEX_GROUND,501609764596
3/30/21,40519748-355893,,Onyx Enterprises Inc.,FedEx,FEDEX_GROUND,501609764714
3/30/21,40520464-355AF2,,Onyx Enterprises Inc.,FedEx,FEDEX_GROUND,501609764357
3/30/21,40522526-355WCO,,Onyx Enterprises Inc.,FedEx,FEDEX_GROUND,501609765228
3/30/21,40528829-356R0I,,Onyx Enterprises Inc.,FedEx,FEDEX_GROUND,501609765835
3/30/21,03-06825-00309,,MN Global LLC,FedEx,FEDEX_GROUND,501609765560
3/30/21,07-06822-28111,,MN Global LLC,FedEx,FEDEX_GROUND,501609764254
3/30/21,111-0226363-6458617,,MN Global LLC,FedEx,FEDEX_GROUND,501609765125
3/30/21,111-0412869-0077829,,MN Global LLC,FedEx,FEDEX_GROUND,501609765114
3/30/21,111-0515923-7809812,,MN Global LLC,FedEx,FEDEX_GROUND,501609764232
3/30/21,111-1803590-3185839,,MN Global LLC,FedEx,FEDEX_GROUND,501609764276
3/30/21,111-1808238-6336226,,MN Global LLC,FedEx,FEDEX_GROUND,501609765423
3/30/21,112-2876824-8875410,,MN Global LLC,FedEx,FEDEX_GROUND,501609764840
3/30/21,112-3198137-8030642,,MN Global LLC,FedEx,FEDEX_GROUND,501609764221
3/30/21,112-5948474-4866608,,MN Global LLC,FedEx,FEDEX_GROUND,501609765950
3/30/21,114-1974189-9881837,,MN Global LLC,FedEx,FEDEX_GROUND,501609765489
3/30/21,13-06819-77569,,MN Global LLC,FedEx,FEDEX_GROUND,501609764552
3/30/21,14-06819-54226,,MN Global LLC,FedEx,FEDEX_GROUND,501609764530
3/30/21,14-06821-62225,,MN Global LLC,FedEx,FEDEX_GROUND,501609764703
3/30/21,16-06820-47261,,MN Global LLC,FedEx,FEDEX_GROUND,501609764688
3/30/21,16-06821-39985,,MN Global LLC,FedEx,FEDEX_GROUND,501609764920
3/30/21,16-06823-83416,,MN Global LLC,FedEx,FEDEX_GROUND,501609765044
3/30/21,19-06820-75110,,MN Global LLC,FedEx,FEDEX_GROUND,501609764699
3/30/21,20-06820-42830,,MN Global LLC,FedEx,FEDEX_GROUND,501609764450
3/30/21,20-06821-05765,,MN Global LLC,FedEx,FEDEX_GROUND,501609765684
3/30/21,24-06831-65315,,MN Global LLC,FedEx,FEDEX_GROUND,501609764677
3/30/21,24-06833-26279,,MN Global LLC,FedEx,FEDEX_GROUND,501609765272
3/30/21,25-06818-26553,,MN Global LLC,FedEx,FEDEX_GROUND,501609764655
3/30/21,27-06817-78895,,MN Global LLC,FedEx,FEDEX_GROUND,501609764861
