SO #,Customer,Date Issued,Date Completed,SO Status,SO Tax,Part Number,Alias Number,Qty Ordered,Unit Price
057238,Auto Accessories Garage,03/29/2021,03/29/2021,Complete,$0.00,A0301,,1,($44.10)
057238,Auto Accessories Garage,03/29/2021,03/29/2021,Complete,$0.00,A0301,,1,$44.10
057238,Auto Accessories Garage,03/29/2021,03/29/2021,Complete,$0.00,B0301,,1,($32.37)
057238,Auto Accessories Garage,03/29/2021,03/29/2021,Complete,$0.00,B0301,,1,$32.37
11130952,Auto Anything,03/30/2021,03/30/2021,Complete,$0.00,A0176/B0176,,1,$74.11
11130952,Auto Anything,03/30/2021,03/30/2021,Complete,$0.00,Shipping,,1,$12.00
1112460-1159277,Auto Accessories Garage,03/30/2021,03/30/2021,Complete,$0.00,B0523,,1,$34.85
1112460-1159277,Auto Accessories Garage,03/30/2021,03/30/2021,Complete,$0.00,Shipping,,1,$12.00
1113166-1158718,Auto Accessories Garage,03/30/2021,03/30/2021,Complete,$0.00,A0429/B0429,,1,$82.35
1113166-1158718,Auto Accessories Garage,03/30/2021,03/30/2021,Complete,$0.00,Shipping,,1,$12.00
1113347-1158669,Auto Accessories Garage,03/29/2021,03/29/2021,Complete,$0.00,B0291,,1,$49.56
1113347-1158669,Auto Accessories Garage,03/29/2021,03/29/2021,Complete,$0.00,Shipping,,1,$12.00
1114230-1153161-2,Auto Accessories Garage,03/30/2021,03/30/2021,Complete,$0.00,Shipping,,1,$12.00
1114230-1153161-2,Auto Accessories Garage,03/30/2021,03/30/2021,Complete,$0.00,A0504/B0242,,1,$82.35
1114293-1158807,Auto Accessories Garage,03/30/2021,03/30/2021,Complete,$0.00,B0148,,1,$40.74
1114293-1158807,Auto Accessories Garage,03/30/2021,03/30/2021,Complete,$0.00,Shipping,,1,$12.00
1118144-1157474,Auto Accessories Garage,03/29/2021,03/29/2021,Complete,$0.00,A0204,,1,$47.50
1118144-1157474,Auto Accessories Garage,03/29/2021,03/29/2021,Complete,$0.00,Shipping,,1,$12.00
1118152-1157482,Auto Accessories Garage,03/29/2021,03/29/2021,Complete,$0.00,A0218/B0218,,1,$82.35
1118152-1157482,Auto Accessories Garage,03/29/2021,03/29/2021,Complete,$0.00,Shipping,,1,$12.00
1118163-1157495,Auto Accessories Garage,03/29/2021,03/29/2021,Complete,$0.00,A0164/B0164,,1,$82.35
1118163-1157495,Auto Accessories Garage,03/29/2021,03/29/2021,Complete,$0.00,Shipping,,1,$12.00
1118199-1157531,Auto Accessories Garage,03/29/2021,03/29/2021,Complete,$0.00,A0015,,1,$47.50
1118199-1157531,Auto Accessories Garage,03/29/2021,03/29/2021,Complete,$0.00,Shipping,,1,$12.00
1118202-1157534,Auto Accessories Garage,03/29/2021,03/29/2021,Complete,$0.00,C2083,,1,$30.50
1118202-1157534,Auto Accessories Garage,03/29/2021,03/29/2021,Complete,$0.00,B2083,,1,$34.85
1118202-1157534,Auto Accessories Garage,03/29/2021,03/29/2021,Complete,$0.00,Shipping,,1,$24.00
1118206-1157540,Auto Accessories Garage,03/29/2021,03/29/2021,Complete,$0.00,A0296/B0020,,1,$99.56
1118206-1157540,Auto Accessories Garage,03/29/2021,03/29/2021,Complete,$0.00,Shipping,,1,$12.00
1118213-1157546,Auto Accessories Garage,03/29/2021,03/29/2021,Complete,$0.00,A0167,,1,$47.50
1118213-1157546,Auto Accessories Garage,03/29/2021,03/29/2021,Complete,$0.00,Shipping,,1,$12.00
1118214-1157547,Auto Accessories Garage,03/29/2021,03/29/2021,Complete,$0.00,B0020,,1,$40.74
1118214-1157547,Auto Accessories Garage,03/29/2021,03/29/2021,Complete,$0.00,Shipping,,1,$12.00
1118223-1157558,Auto Accessories Garage,03/29/2021,03/29/2021,Complete,$0.00,A0193/B0193,,1,$82.35
1118223-1157558,Auto Accessories Garage,03/29/2021,03/29/2021,Complete,$0.00,Shipping,,1,$12.00
1118231-1157566,Auto Accessories Garage,03/29/2021,03/29/2021,Complete,$0.00,A0458/B0457,,1,$99.56
1118231-1157566,Auto Accessories Garage,03/29/2021,03/29/2021,Complete,$0.00,Shipping,,1,$12.00
1118238-1157574,Auto Accessories Garage,03/29/2021,03/29/2021,Complete,$0.00,A0129,,1,$47.50
1118238-1157574,Auto Accessories Garage,03/29/2021,03/29/2021,Complete,$0.00,Shipping,,1,$12.00
1118250-1157587,Auto Accessories Garage,03/29/2021,03/29/2021,Complete,$0.00,A0369/B0370,,1,$88.23
1118250-1157587,Auto Accessories Garage,03/29/2021,03/29/2021,Complete,$0.00,Shipping,,1,$12.00
1118258-1157595,Auto Accessories Garage,03/29/2021,03/29/2021,Complete,$0.00,D0399,,1,$52.94
1118258-1157595,Auto Accessories Garage,03/29/2021,03/29/2021,Complete,$0.00,Shipping,,1,$11.00
1118271-1157610,Auto Accessories Garage,03/29/2021,03/29/2021,Complete,$0.00,A0212/B0188,,1,$99.56
1118271-1157610,Auto Accessories Garage,03/29/2021,03/29/2021,Complete,$0.00,Shipping,,1,$12.00
1118280-1157620,Auto Accessories Garage,03/29/2021,03/29/2021,Complete,$0.00,D0358,,1,$52.94
1118280-1157620,Auto Accessories Garage,03/29/2021,03/29/2021,Complete,$0.00,Shipping,,1,$11.00
1118292-1157632,Auto Accessories Garage,03/29/2021,03/29/2021,Complete,$0.00,A0250,,1,$47.50
1118292-1157632,Auto Accessories Garage,03/29/2021,03/29/2021,Complete,$0.00,Shipping,,1,$12.00
1118293-1157633,Auto Accessories Garage,03/29/2021,03/29/2021,Complete,$0.00,A0207/B0207,,1,$82.35
1118293-1157633,Auto Accessories Garage,03/29/2021,03/29/2021,Complete,$0.00,Shipping,,1,$12.00
1118308-1157648,Auto Accessories Garage,03/29/2021,03/29/2021,Complete,$0.00,B0340,,1,$34.85
1118308-1157648,Auto Accessories Garage,03/29/2021,03/29/2021,Complete,$0.00,Shipping,,1,$12.00
1118311-1157651,Auto Accessories Garage,03/29/2021,03/29/2021,Complete,$6.14,A0178/B0178,,1,$82.35
1118311-1157651,Auto Accessories Garage,03/29/2021,03/29/2021,Complete,$6.14,Shipping,,1,$12.00
1118323-1157664,Auto Accessories Garage,03/29/2021,03/29/2021,Complete,$0.00,A0454/B0455,,1,$82.35
1118323-1157664,Auto Accessories Garage,03/29/2021,03/29/2021,Complete,$0.00,Shipping,,1,$12.00
1118328-1157669,Auto Accessories Garage,03/29/2021,03/29/2021,Complete,$0.00,A0275/B0275,,1,$82.35
1118328-1157669,Auto Accessories Garage,03/29/2021,03/29/2021,Complete,$0.00,Shipping,,1,$12.00
1118339-1157681,Auto Accessories Garage,03/29/2021,03/29/2021,Complete,$0.00,A0106/B0106,,1,$82.35
1118339-1157681,Auto Accessories Garage,03/29/2021,03/29/2021,Complete,$0.00,Shipping,,1,$12.00
1118343-1157685,Auto Accessories Garage,03/29/2021,03/29/2021,Complete,$0.00,A0430,,1,$47.50
1118343-1157685,Auto Accessories Garage,03/29/2021,03/29/2021,Complete,$0.00,Shipping,,1,$12.00
1118356-1157698,Auto Accessories Garage,03/29/2021,03/29/2021,Complete,$0.00,A0178/B0178,,1,$82.35
1118356-1157698,Auto Accessories Garage,03/29/2021,03/29/2021,Complete,$0.00,Shipping,,1,$12.00
1118367-1157710,Auto Accessories Garage,03/29/2021,03/29/2021,Complete,$0.00,A0015/B0097,,1,$88.23
1118367-1157710,Auto Accessories Garage,03/29/2021,03/29/2021,Complete,$0.00,Shipping,,1,$12.00
1118371-1157715,Auto Accessories Garage,03/29/2021,03/29/2021,Complete,$0.00,A0127/B0071,,1,$82.35
1118371-1157715,Auto Accessories Garage,03/29/2021,03/29/2021,Complete,$0.00,Shipping,,1,$12.00
1118372-1157716,Auto Accessories Garage,03/29/2021,03/29/2021,Complete,$0.00,A0167,,1,$47.50
1118372-1157716,Auto Accessories Garage,03/29/2021,03/29/2021,Complete,$0.00,Shipping,,1,$12.00
1118375-1157719,Auto Accessories Garage,03/29/2021,03/29/2021,Complete,$0.00,A0207/B0207,,1,$82.35
1118375-1157719,Auto Accessories Garage,03/29/2021,03/29/2021,Complete,$0.00,Shipping,,1,$12.00
1118379-1157723,Auto Accessories Garage,03/29/2021,03/29/2021,Complete,$0.00,A0043/B0044,A0043/B0044-P,1,$97.06
1118379-1157723,Auto Accessories Garage,03/29/2021,03/29/2021,Complete,$0.00,Shipping,,1,$12.00
1118381-1157725,Auto Accessories Garage,03/29/2021,03/29/2021,Complete,$0.00,A0429/B0429,,1,$82.35
1118381-1157725,Auto Accessories Garage,03/29/2021,03/29/2021,Complete,$0.00,Shipping,,1,$12.00
1118382-1157726,Auto Accessories Garage,03/29/2021,03/29/2021,Complete,$0.00,A0417/B0417/C0417/E0417,,1,$165.78
1118382-1157726,Auto Accessories Garage,03/29/2021,03/29/2021,Complete,$0.00,Shipping,,1,$23.00
1118422-1157768,Auto Accessories Garage,03/29/2021,03/29/2021,Complete,$0.00,D0169,,1,$52.94
1118422-1157768,Auto Accessories Garage,03/29/2021,03/29/2021,Complete,$0.00,Shipping,,1,$11.00
1118441-1157787,Auto Accessories Garage,03/29/2021,03/29/2021,Complete,$0.00,A0376/B0376/D0376,,1,$135.28
1118441-1157787,Auto Accessories Garage,03/29/2021,03/29/2021,Complete,$0.00,Shipping,,1,$23.00
1118476-1157822,Auto Accessories Garage,03/29/2021,03/29/2021,Complete,$0.00,A0130/B0130/D0130,,1,$135.28
1118476-1157822,Auto Accessories Garage,03/29/2021,03/29/2021,Complete,$0.00,Shipping,,1,$23.00
1118483-1157829,Auto Accessories Garage,03/29/2021,03/29/2021,Complete,$0.00,A0231/B0047,,1,$93.67
1118483-1157829,Auto Accessories Garage,03/29/2021,03/29/2021,Complete,$0.00,Shipping,,1,$12.00
1118493-1157839,Auto Accessories Garage,03/29/2021,03/29/2021,Complete,$0.00,A0167,,1,$47.50
1118493-1157839,Auto Accessories Garage,03/29/2021,03/29/2021,Complete,$0.00,Shipping,,1,$12.00
1118500-1157846,Auto Accessories Garage,03/29/2021,03/29/2021,Complete,$0.00,A0417/B0417/C0417/E0417,,1,$165.78
1118500-1157846,Auto Accessories Garage,03/29/2021,03/29/2021,Complete,$0.00,Shipping,,1,$23.00
1118501-1157847,Auto Accessories Garage,03/29/2021,03/29/2021,Complete,$0.00,A0519,,2,$58.82
1118501-1157847,Auto Accessories Garage,03/29/2021,03/29/2021,Complete,$0.00,Shipping,,1,$24.00
1118516-1157863,Auto Accessories Garage,03/29/2021,03/29/2021,Complete,$0.00,A0043/B0044/E0162,A0043/B0044-P/E0162,1,$149.99
1118516-1157863,Auto Accessories Garage,03/29/2021,03/29/2021,Complete,$0.00,Shipping,,1,$23.00
1118520-1157867,Auto Accessories Garage,03/29/2021,03/29/2021,Complete,$0.00,A0131/B0131/C0131/D0131,,1,$171.66
1118520-1157867,Auto Accessories Garage,03/29/2021,03/29/2021,Complete,$0.00,Shipping,,1,$23.00
1118538-1157886,Auto Accessories Garage,03/29/2021,03/29/2021,Complete,$0.00,A0269,,1,$47.50
1118538-1157886,Auto Accessories Garage,03/29/2021,03/29/2021,Complete,$0.00,Shipping,,1,$12.00
1118546-1157894,Auto Accessories Garage,03/29/2021,03/29/2021,Complete,$0.00,A0333,,1,$47.50
1118546-1157894,Auto Accessories Garage,03/29/2021,03/29/2021,Complete,$0.00,Shipping,,1,$12.00
1118554-1157902,Auto Accessories Garage,03/29/2021,03/29/2021,Complete,$0.00,A0260/B0133,,1,$82.35
1118554-1157902,Auto Accessories Garage,03/29/2021,03/29/2021,Complete,$0.00,Shipping,,1,$12.00
1118564-1157912,Auto Accessories Garage,03/29/2021,03/29/2021,Complete,$0.00,A0136/B0221,,1,$82.35
1118564-1157912,Auto Accessories Garage,03/29/2021,03/29/2021,Complete,$0.00,Shipping,,1,$12.00
1118574-1157924,Auto Accessories Garage,03/29/2021,03/29/2021,Complete,$0.00,A0119/B0070/D0070,,1,$135.28
1118574-1157924,Auto Accessories Garage,03/29/2021,03/29/2021,Complete,$0.00,Shipping,,1,$23.00
1118583-1157933,Auto Accessories Garage,03/29/2021,03/29/2021,Complete,$0.00,D0209,,1,$52.94
1118583-1157933,Auto Accessories Garage,03/29/2021,03/29/2021,Complete,$0.00,Shipping,,1,$11.00
1118591-1157941,Auto Accessories Garage,03/29/2021,03/29/2021,Complete,$0.00,A0115/B0217/D0115,,1,$135.28
1118591-1157941,Auto Accessories Garage,03/29/2021,03/29/2021,Complete,$0.00,Shipping,,1,$23.00
1118597-1157947,Auto Accessories Garage,03/29/2021,03/29/2021,Complete,$0.00,A0144/B0125,,1,$82.35
1118597-1157947,Auto Accessories Garage,03/29/2021,03/29/2021,Complete,$0.00,Shipping,,1,$12.00
1118609-1157961,Auto Accessories Garage,03/29/2021,03/29/2021,Complete,$0.00,A0046/B0046,,1,$97.06
1118609-1157961,Auto Accessories Garage,03/29/2021,03/29/2021,Complete,$0.00,Shipping,,1,$12.00
1118612-1157964,Auto Accessories Garage,03/29/2021,03/29/2021,Complete,$0.00,A0331/B0331,,1,$82.35
1118612-1157964,Auto Accessories Garage,03/29/2021,03/29/2021,Complete,$0.00,Shipping,,1,$12.00
1118619-1157971,Auto Accessories Garage,03/29/2021,03/29/2021,Complete,$12.12,A0232/B0291/E0232,,1,$149.99
1118619-1157971,Auto Accessories Garage,03/29/2021,03/29/2021,Complete,$12.12,Shipping,,1,$23.00
1118627-1157979,Auto Accessories Garage,03/29/2021,03/29/2021,Complete,$0.00,A0510,,1,$47.50
1118627-1157979,Auto Accessories Garage,03/29/2021,03/29/2021,Complete,$0.00,Shipping,,1,$12.00
1118632-1157985,Auto Accessories Garage,03/29/2021,03/29/2021,Complete,$0.00,A0136,A0136-P,1,$47.50
1118632-1157985,Auto Accessories Garage,03/29/2021,03/29/2021,Complete,$0.00,Shipping,,1,$12.00
1118644-1157999,Auto Accessories Garage,03/29/2021,03/29/2021,Complete,$0.00,A0319/B0048,,1,$93.67
1118644-1157999,Auto Accessories Garage,03/29/2021,03/29/2021,Complete,$0.00,Shipping,,1,$12.00
1118659-1158015,Auto Accessories Garage,03/29/2021,03/29/2021,Complete,$0.00,A0115/B0115/D0115,,1,$135.28
1118659-1158015,Auto Accessories Garage,03/29/2021,03/29/2021,Complete,$0.00,Shipping,,1,$23.00
1118666-1158024,Auto Accessories Garage,03/29/2021,03/29/2021,Complete,$0.00,A0234,,1,$47.50
1118666-1158024,Auto Accessories Garage,03/29/2021,03/29/2021,Complete,$0.00,Shipping,,1,$12.00
1118673-1158031,Auto Accessories Garage,03/29/2021,03/29/2021,Complete,$0.00,B0374,,1,$40.74
1118673-1158031,Auto Accessories Garage,03/29/2021,03/29/2021,Complete,$0.00,Shipping,,1,$12.00
1118674-1158032,Auto Accessories Garage,03/29/2021,03/29/2021,Complete,$0.00,A0472/B0472/C0417/D0472,,1,$165.78
1118674-1158032,Auto Accessories Garage,03/29/2021,03/29/2021,Complete,$0.00,Shipping,,1,$23.00
1118676-1158034,Auto Accessories Garage,03/29/2021,03/29/2021,Complete,$0.00,A0296/B0097,,1,$99.56
1118676-1158034,Auto Accessories Garage,03/29/2021,03/29/2021,Complete,$0.00,Shipping,,1,$12.00
1118679-1158037,Auto Accessories Garage,03/29/2021,03/29/2021,Complete,$0.00,A0355/B0355/C0355,,1,$112.84
1118679-1158037,Auto Accessories Garage,03/29/2021,03/29/2021,Complete,$0.00,Shipping,,1,$12.00
1118682-1158042,Auto Accessories Garage,03/29/2021,03/29/2021,Complete,$0.00,A0191/B0191/C0191,,1,$112.84
1118682-1158042,Auto Accessories Garage,03/29/2021,03/29/2021,Complete,$0.00,Shipping,,1,$12.00
1118699-1158059,Auto Accessories Garage,03/29/2021,03/29/2021,Complete,$0.00,A0231/B0047,,1,$93.67
1118699-1158059,Auto Accessories Garage,03/29/2021,03/29/2021,Complete,$0.00,Shipping,,1,$12.00
1118709-1158069,Auto Accessories Garage,03/29/2021,03/29/2021,Complete,$0.00,A0164/B0164,,1,$82.35
1118709-1158069,Auto Accessories Garage,03/29/2021,03/29/2021,Complete,$0.00,Shipping,,1,$12.00
1118717-1158079,Auto Accessories Garage,03/29/2021,03/29/2021,Complete,$0.00,A0316/B0316,,1,$82.35
1118717-1158079,Auto Accessories Garage,03/29/2021,03/29/2021,Complete,$0.00,Shipping,,1,$12.00
1118718-1158080,Auto Accessories Garage,03/29/2021,03/29/2021,Complete,$0.00,A0250,,1,$47.50
1118718-1158080,Auto Accessories Garage,03/29/2021,03/29/2021,Complete,$0.00,Shipping,,1,$12.00
1118721-1158084,Auto Accessories Garage,03/29/2021,03/29/2021,Complete,$0.00,A0150/B0150,,1,$82.35
1118721-1158084,Auto Accessories Garage,03/29/2021,03/29/2021,Complete,$0.00,Shipping,,1,$12.00
1118755-1158119,Auto Accessories Garage,03/29/2021,03/29/2021,Complete,$0.00,C0423,,1,$30.50
1118755-1158119,Auto Accessories Garage,03/29/2021,03/29/2021,Complete,$0.00,Shipping,,1,$12.00
1118759-1158123,Auto Accessories Garage,03/29/2021,03/29/2021,Complete,$0.00,A0296,,1,$58.82
1118759-1158123,Auto Accessories Garage,03/29/2021,03/29/2021,Complete,$0.00,Shipping,,1,$12.00
1118763-1158127,Auto Accessories Garage,03/29/2021,03/29/2021,Complete,$0.00,A0348,,1,$47.50
1118763-1158127,Auto Accessories Garage,03/29/2021,03/29/2021,Complete,$0.00,Shipping,,1,$12.00
1118765-1158129,Auto Accessories Garage,03/29/2021,03/29/2021,Complete,$0.00,A0250,,1,$47.50
1118765-1158129,Auto Accessories Garage,03/29/2021,03/29/2021,Complete,$0.00,Shipping,,1,$12.00
1118768-1158132,Auto Accessories Garage,03/29/2021,03/29/2021,Complete,$0.00,A0315/B0071/C0071,,1,$117.84
1118768-1158132,Auto Accessories Garage,03/29/2021,03/29/2021,Complete,$0.00,Shipping,,1,$12.00
1118771-1158135,Auto Accessories Garage,03/29/2021,03/29/2021,Complete,$6.61,A2178/B2178,,1,$82.35
1118771-1158135,Auto Accessories Garage,03/29/2021,03/29/2021,Complete,$6.61,Shipping,,1,$12.00
1118794-1158158,Auto Accessories Garage,03/29/2021,03/29/2021,Complete,$0.00,A0316/B0316/D0383,,1,$135.28
1118794-1158158,Auto Accessories Garage,03/29/2021,03/29/2021,Complete,$0.00,Shipping,,1,$23.00
1118806-1158172,Auto Accessories Garage,03/29/2021,03/29/2021,Complete,$0.00,D0043,,1,$52.94
1118806-1158172,Auto Accessories Garage,03/29/2021,03/29/2021,Complete,$0.00,Shipping,,1,$11.00
1118810-1158176,Auto Accessories Garage,03/29/2021,03/29/2021,Complete,$6.61,A0042/B0042,,1,$82.35
1118810-1158176,Auto Accessories Garage,03/29/2021,03/29/2021,Complete,$6.61,Shipping,,1,$12.00
1118812-1158178,Auto Accessories Garage,03/29/2021,03/29/2021,Complete,$0.00,A0369,,1,$47.50
1118812-1158178,Auto Accessories Garage,03/29/2021,03/29/2021,Complete,$0.00,Shipping,,1,$12.00
1118816-1158183,Auto Accessories Garage,03/29/2021,03/29/2021,Complete,$0.00,A0200,,1,$47.50
1118816-1158183,Auto Accessories Garage,03/29/2021,03/29/2021,Complete,$0.00,Shipping,,1,$12.00
1118823-1158190,Auto Accessories Garage,03/29/2021,03/29/2021,Complete,$0.00,A0119/B0070,,1,$82.35
1118823-1158190,Auto Accessories Garage,03/29/2021,03/29/2021,Complete,$0.00,Shipping,,1,$12.00
1118825-1158192,Auto Accessories Garage,03/29/2021,03/29/2021,Complete,$0.00,A0131/B0131/D0131,,1,$141.17
1118825-1158192,Auto Accessories Garage,03/29/2021,03/29/2021,Complete,$0.00,Shipping,,1,$23.00
1118826-1158193,Auto Accessories Garage,03/29/2021,03/29/2021,Complete,$0.00,A0315/B0071/C0071,,1,$117.84
1118826-1158193,Auto Accessories Garage,03/29/2021,03/29/2021,Complete,$0.00,Shipping,,1,$12.00
1118833-1158200,Auto Accessories Garage,03/29/2021,03/29/2021,Complete,$0.00,A0158/B0158,,1,$82.35
1118833-1158200,Auto Accessories Garage,03/29/2021,03/29/2021,Complete,$0.00,Shipping,,1,$12.00
1118837-1158204,Auto Accessories Garage,03/29/2021,03/29/2021,Complete,$0.00,A2178/B2178,,1,$82.35
1118837-1158204,Auto Accessories Garage,03/29/2021,03/29/2021,Complete,$0.00,Shipping,,1,$12.00
1118843-1158211,Auto Accessories Garage,03/29/2021,03/29/2021,Complete,$0.00,A0178,,1,$47.50
1118843-1158211,Auto Accessories Garage,03/29/2021,03/29/2021,Complete,$0.00,Shipping,,1,$12.00
1118846-1158214,Auto Accessories Garage,03/29/2021,03/29/2021,Complete,$0.00,A0158/B0158/C0158,,1,$112.84
1118846-1158214,Auto Accessories Garage,03/29/2021,03/29/2021,Complete,$0.00,Shipping,,1,$12.00
1118852-1158220,Auto Accessories Garage,03/29/2021,03/29/2021,Complete,$0.00,A0333,,1,$47.50
1118852-1158220,Auto Accessories Garage,03/29/2021,03/29/2021,Complete,$0.00,D2310,,1,$52.94
1118852-1158220,Auto Accessories Garage,03/29/2021,03/29/2021,Complete,$0.00,Shipping,,1,$23.00
1118863-1158232,Auto Accessories Garage,03/29/2021,03/29/2021,Complete,$0.00,A0134/B0134/D0134,,1,$135.28
1118863-1158232,Auto Accessories Garage,03/29/2021,03/29/2021,Complete,$0.00,Shipping,,1,$23.00
1118885-1158257,Auto Accessories Garage,03/29/2021,03/29/2021,Complete,$0.00,A0158/B0158/C0158,,1,$112.84
1118885-1158257,Auto Accessories Garage,03/29/2021,03/29/2021,Complete,$0.00,Shipping,,1,$12.00
1118886-1158258,Auto Accessories Garage,03/29/2021,03/29/2021,Complete,$7.08,A0340/B0340,,1,$82.35
1118886-1158258,Auto Accessories Garage,03/29/2021,03/29/2021,Complete,$7.08,Shipping,,1,$12.00
1118889-1158261,Auto Accessories Garage,03/29/2021,03/29/2021,Complete,$0.00,A0192,,1,$47.50
1118889-1158261,Auto Accessories Garage,03/29/2021,03/29/2021,Complete,$0.00,Shipping,,1,$12.00
1118892-1158264,Auto Accessories Garage,03/29/2021,03/29/2021,Complete,$0.00,A0115/B0115,,1,$82.35
1118892-1158264,Auto Accessories Garage,03/29/2021,03/29/2021,Complete,$0.00,Shipping,,1,$12.00
1118902-1158274,Auto Accessories Garage,03/29/2021,03/29/2021,Complete,$0.00,A0122/B0122,,1,$82.35
1118902-1158274,Auto Accessories Garage,03/29/2021,03/29/2021,Complete,$0.00,Shipping,,1,$12.00
1118916-1158290,Auto Accessories Garage,03/29/2021,03/29/2021,Complete,$0.00,A0158/B0158,,1,$82.35
1118916-1158290,Auto Accessories Garage,03/29/2021,03/29/2021,Complete,$0.00,Shipping,,1,$12.00
1118923-1158297,Auto Accessories Garage,03/29/2021,03/29/2021,Complete,$0.00,A0150,,1,$47.50
1118923-1158297,Auto Accessories Garage,03/29/2021,03/29/2021,Complete,$0.00,Shipping,,1,$12.00
1118925-1158299,Auto Accessories Garage,03/29/2021,03/29/2021,Complete,$0.00,A0235/B0259/D0235,,1,$135.28
1118925-1158299,Auto Accessories Garage,03/29/2021,03/29/2021,Complete,$0.00,Shipping,,1,$23.00
1118937-1158314,Auto Accessories Garage,03/29/2021,03/29/2021,Complete,$0.00,A0106,,1,$47.50
1118937-1158314,Auto Accessories Garage,03/29/2021,03/29/2021,Complete,$0.00,Shipping,,1,$12.00
1118938-1158315,Auto Accessories Garage,03/29/2021,03/29/2021,Complete,$0.00,D0106,,1,$52.94
1118938-1158315,Auto Accessories Garage,03/29/2021,03/29/2021,Complete,$0.00,Shipping,,1,$11.00
1118949-1158327,Auto Accessories Garage,03/29/2021,03/29/2021,Complete,$0.00,A0055,,1,$47.50
1118949-1158327,Auto Accessories Garage,03/29/2021,03/29/2021,Complete,$0.00,Shipping,,1,$12.00
1118955-1158333,Auto Accessories Garage,03/29/2021,03/29/2021,Complete,$0.00,A1043/B1044,A1043/B1044-P,1,$97.06
1118955-1158333,Auto Accessories Garage,03/29/2021,03/29/2021,Complete,$0.00,Shipping,,1,$12.00
1118956-1158334,Auto Accessories Garage,03/29/2021,03/29/2021,Complete,$0.00,A0206/B0206,,1,$82.35
1118956-1158334,Auto Accessories Garage,03/29/2021,03/29/2021,Complete,$0.00,Shipping,,1,$12.00
1118961-1158339,Auto Accessories Garage,03/29/2021,03/29/2021,Complete,$0.00,A0411/B0411,,1,$82.35
1118961-1158339,Auto Accessories Garage,03/29/2021,03/29/2021,Complete,$0.00,Shipping,,1,$12.00
1118978-1158356,Auto Accessories Garage,03/29/2021,03/29/2021,Complete,$0.00,A0477/B0477/D0477,,1,$135.28
1118978-1158356,Auto Accessories Garage,03/29/2021,03/29/2021,Complete,$0.00,Shipping,,1,$23.00
1119001-1158380,Auto Accessories Garage,03/29/2021,03/29/2021,Complete,$0.00,A0033,,1,$47.50
1119001-1158380,Auto Accessories Garage,03/29/2021,03/29/2021,Complete,$0.00,Shipping,,1,$12.00
1119002-1158382,Auto Accessories Garage,03/29/2021,03/29/2021,Complete,$0.00,A0373/B0369,,1,$99.56
1119002-1158382,Auto Accessories Garage,03/29/2021,03/29/2021,Complete,$0.00,Shipping,,1,$12.00
1119003-1158383,Auto Accessories Garage,03/29/2021,03/29/2021,Complete,$0.00,A0461/B0461,,1,$82.35
1119003-1158383,Auto Accessories Garage,03/29/2021,03/29/2021,Complete,$0.00,Shipping,,1,$12.00
1119008-1158388,Auto Accessories Garage,03/29/2021,03/29/2021,Complete,$0.00,A0106,,1,$47.50
1119008-1158388,Auto Accessories Garage,03/29/2021,03/29/2021,Complete,$0.00,B0106,,1,$34.85
1119008-1158388,Auto Accessories Garage,03/29/2021,03/29/2021,Complete,$0.00,Shipping,,1,$24.00
1119011-1158392,Auto Accessories Garage,03/29/2021,03/29/2021,Complete,$0.00,A0119/B0070,,1,$82.35
1119011-1158392,Auto Accessories Garage,03/29/2021,03/29/2021,Complete,$0.00,Shipping,,1,$12.00
1119014-1158395,Auto Accessories Garage,03/29/2021,03/29/2021,Complete,$4.17,A0127,,1,$47.50
1119014-1158395,Auto Accessories Garage,03/29/2021,03/29/2021,Complete,$4.17,Shipping,,1,$12.00
1119031-1158415,Auto Accessories Garage,03/29/2021,03/29/2021,Complete,$0.00,A0130/B0130,,1,$82.35
1119031-1158415,Auto Accessories Garage,03/29/2021,03/29/2021,Complete,$0.00,Shipping,,1,$12.00
1119033-1158417,Auto Accessories Garage,03/29/2021,03/29/2021,Complete,$0.00,A0193,,1,$47.50
1119033-1158417,Auto Accessories Garage,03/29/2021,03/29/2021,Complete,$0.00,Shipping,,1,$12.00
1119038-1158422,Auto Accessories Garage,03/29/2021,03/29/2021,Complete,$0.00,A0260/B0133,,1,$82.35
1119038-1158422,Auto Accessories Garage,03/29/2021,03/29/2021,Complete,$0.00,Shipping,,1,$12.00
1119046-1158431,Auto Accessories Garage,03/29/2021,03/29/2021,Complete,$0.00,A0369/B0374,,1,$88.23
1119046-1158431,Auto Accessories Garage,03/29/2021,03/29/2021,Complete,$0.00,Shipping,,1,$12.00
1119048-1158433,Auto Accessories Garage,03/29/2021,03/29/2021,Complete,$0.00,A0178/B0178,,1,$82.35
1119048-1158433,Auto Accessories Garage,03/29/2021,03/29/2021,Complete,$0.00,Shipping,,1,$12.00
1119049-1158434,Auto Accessories Garage,03/29/2021,03/29/2021,Complete,$0.00,B0147,,1,$34.85
1119049-1158434,Auto Accessories Garage,03/29/2021,03/29/2021,Complete,$0.00,Shipping,,1,$12.00
1119055-1158440,Auto Accessories Garage,03/29/2021,03/29/2021,Complete,$4.47,A0126,,1,$47.50
1119055-1158440,Auto Accessories Garage,03/29/2021,03/29/2021,Complete,$4.47,Shipping,,1,$12.00
1119065-1158450,Auto Accessories Garage,03/29/2021,03/29/2021,Complete,$0.00,A0231/B0047,,1,$93.67
1119065-1158450,Auto Accessories Garage,03/29/2021,03/29/2021,Complete,$0.00,Shipping,,1,$12.00
1119067-1158452,Auto Accessories Garage,03/29/2021,03/29/2021,Complete,$0.00,A0192/B0192,,1,$82.35
1119067-1158452,Auto Accessories Garage,03/29/2021,03/29/2021,Complete,$0.00,Shipping,,1,$12.00
1119085-1158470,Auto Accessories Garage,03/29/2021,03/29/2021,Complete,$0.00,A0128/B0128/D0128,,1,$149.99
1119085-1158470,Auto Accessories Garage,03/29/2021,03/29/2021,Complete,$0.00,D0083,,1,$52.94
1119085-1158470,Auto Accessories Garage,03/29/2021,03/29/2021,Complete,$0.00,Shipping,,1,$34.00
1119098-1158483,Auto Accessories Garage,03/29/2021,03/29/2021,Complete,$0.00,A0263,,1,$47.50
1119098-1158483,Auto Accessories Garage,03/29/2021,03/29/2021,Complete,$0.00,Shipping,,1,$12.00
1119104-1158489,Auto Accessories Garage,03/29/2021,03/29/2021,Complete,$0.00,A0250/B0250,,1,$82.35
1119104-1158489,Auto Accessories Garage,03/29/2021,03/29/2021,Complete,$0.00,Shipping,,1,$12.00
1119110-1158495,Auto Accessories Garage,03/29/2021,03/29/2021,Complete,$0.00,A0241,,1,$52.94
1119110-1158495,Auto Accessories Garage,03/29/2021,03/29/2021,Complete,$0.00,Shipping,,1,$12.00
1119112-1158497,Auto Accessories Garage,03/29/2021,03/29/2021,Complete,$11.09,A0192/B0192/D0192,,1,$135.28
1119112-1158497,Auto Accessories Garage,03/29/2021,03/29/2021,Complete,$11.09,Shipping,,1,$23.00
1119129-1158515,Auto Accessories Garage,03/29/2021,03/29/2021,Complete,$0.00,A2049/B2049/D2049,,1,$135.28
1119129-1158515,Auto Accessories Garage,03/29/2021,03/29/2021,Complete,$0.00,Shipping,,1,$90.00
1119134-1158520,Auto Accessories Garage,03/29/2021,03/29/2021,Complete,$0.00,A0244/B0206,,1,$82.35
1119134-1158520,Auto Accessories Garage,03/29/2021,03/29/2021,Complete,$0.00,Shipping,,1,$12.00
1119149-1158538,Auto Accessories Garage,03/29/2021,03/29/2021,Complete,$0.00,A0218/B0218,,1,$82.35
1119149-1158538,Auto Accessories Garage,03/29/2021,03/29/2021,Complete,$0.00,Shipping,,1,$12.00
1119152-1158541,Auto Accessories Garage,03/29/2021,03/29/2021,Complete,$0.00,A0038/B0037,,1,$82.35
1119152-1158541,Auto Accessories Garage,03/29/2021,03/29/2021,Complete,$0.00,Shipping,,1,$12.00
1119153-1158542,Auto Accessories Garage,03/29/2021,03/29/2021,Complete,$0.00,A0115/B0115,,1,$82.35
1119153-1158542,Auto Accessories Garage,03/29/2021,03/29/2021,Complete,$0.00,Shipping,,1,$12.00
1119166-1158555,Auto Accessories Garage,03/29/2021,03/29/2021,Complete,$0.00,A0108/B0155,,1,$93.23
1119166-1158555,Auto Accessories Garage,03/29/2021,03/29/2021,Complete,$0.00,Shipping,,1,$12.00
1119168-1158557,Auto Accessories Garage,03/29/2021,03/29/2021,Complete,$0.00,A0244/B0206,,1,$82.35
1119168-1158557,Auto Accessories Garage,03/29/2021,03/29/2021,Complete,$0.00,Shipping,,1,$12.00
1119181-1158573,Auto Accessories Garage,03/29/2021,03/29/2021,Complete,$0.00,A0315/B0071/D0113,,1,$135.28
1119181-1158573,Auto Accessories Garage,03/29/2021,03/29/2021,Complete,$0.00,Shipping,,1,$23.00
1119191-1158583,Auto Accessories Garage,03/29/2021,03/29/2021,Complete,$0.00,A0433/B0433,,1,$88.23
1119191-1158583,Auto Accessories Garage,03/29/2021,03/29/2021,Complete,$0.00,Shipping,,1,$12.00
1119196-1158588,Auto Accessories Garage,03/29/2021,03/29/2021,Complete,$0.00,A0263/B0263,,1,$82.35
1119196-1158588,Auto Accessories Garage,03/29/2021,03/29/2021,Complete,$0.00,Shipping,,1,$12.00
1119219-1158619,Auto Accessories Garage,03/29/2021,03/29/2021,Complete,$4.48,D0500,,1,$52.94
1119219-1158619,Auto Accessories Garage,03/29/2021,03/29/2021,Complete,$4.48,Shipping,,1,$11.00
1119228-1158628,Auto Accessories Garage,03/29/2021,03/29/2021,Complete,$0.00,A0378,,1,$47.50
1119228-1158628,Auto Accessories Garage,03/29/2021,03/29/2021,Complete,$0.00,Shipping,,1,$12.00
1119229-1158629,Auto Accessories Garage,03/29/2021,03/29/2021,Complete,$0.00,A0015/B0020,,1,$88.23
1119229-1158629,Auto Accessories Garage,03/29/2021,03/29/2021,Complete,$0.00,Shipping,,1,$12.00
1119230-1158630,Auto Accessories Garage,03/29/2021,03/29/2021,Complete,$0.00,B0196,,1,$34.85
1119230-1158630,Auto Accessories Garage,03/29/2021,03/29/2021,Complete,$0.00,Shipping,,1,$12.00
1119234-1158634,Auto Accessories Garage,03/29/2021,03/29/2021,Complete,$0.00,A0263,,1,$47.50
1119234-1158634,Auto Accessories Garage,03/29/2021,03/29/2021,Complete,$0.00,Shipping,,1,$12.00
1119237-1158637,Auto Accessories Garage,03/29/2021,03/29/2021,Complete,$0.00,D0192,,1,$52.94
1119237-1158637,Auto Accessories Garage,03/29/2021,03/29/2021,Complete,$0.00,Shipping,,1,$11.00
1119261-1158662,Auto Accessories Garage,03/29/2021,03/29/2021,Complete,$6.61,A0134/B0134,,1,$82.35
1119261-1158662,Auto Accessories Garage,03/29/2021,03/29/2021,Complete,$6.61,Shipping,,1,$12.00
1119291-1158697,Auto Accessories Garage,03/29/2021,03/29/2021,Complete,$0.00,A0369/B0374,,1,$88.23
1119291-1158697,Auto Accessories Garage,03/29/2021,03/29/2021,Complete,$0.00,Shipping,,1,$12.00
1119293-1158700,Auto Accessories Garage,03/29/2021,03/29/2021,Complete,$0.00,A0173,,1,$47.50
1119293-1158700,Auto Accessories Garage,03/29/2021,03/29/2021,Complete,$0.00,D0173,,1,$52.94
1119293-1158700,Auto Accessories Garage,03/29/2021,03/29/2021,Complete,$0.00,Shipping,,1,$23.00
1119350-1158766,Auto Accessories Garage,03/30/2021,03/30/2021,Complete,$0.00,A0136-P/B0221/C0166/E0159,,1,$171.66
1119350-1158766,Auto Accessories Garage,03/30/2021,03/30/2021,Complete,$0.00,Shipping,,1,$23.00
1119355-1158772,Auto Accessories Garage,03/30/2021,03/30/2021,Complete,$0.00,A0119/B0070,,1,$82.35
1119355-1158772,Auto Accessories Garage,03/30/2021,03/30/2021,Complete,$0.00,Shipping,,1,$12.00
1119371-1158788,Auto Accessories Garage,03/30/2021,03/30/2021,Complete,$0.00,A0136-P/B0153,,1,$82.35
1119371-1158788,Auto Accessories Garage,03/30/2021,03/30/2021,Complete,$0.00,Shipping,,1,$12.00
1119387-1158809,Auto Accessories Garage,03/30/2021,03/30/2021,Complete,$0.00,A0317/B0182,,1,$93.67
1119387-1158809,Auto Accessories Garage,03/30/2021,03/30/2021,Complete,$0.00,Shipping,,1,$12.00
1119446-1158880,Auto Accessories Garage,03/30/2021,03/30/2021,Complete,$0.00,A0263,,1,$47.50
1119446-1158880,Auto Accessories Garage,03/30/2021,03/30/2021,Complete,$0.00,Shipping,,1,$12.00
1119447-1158881,Auto Accessories Garage,03/30/2021,03/30/2021,Complete,$0.00,A0226,,1,$58.82
1119447-1158881,Auto Accessories Garage,03/30/2021,03/30/2021,Complete,$0.00,Shipping,,1,$12.00
1119461-1158902,Auto Accessories Garage,03/30/2021,03/30/2021,Complete,$0.00,A0500/B0522,,1,$97.06
1119461-1158902,Auto Accessories Garage,03/30/2021,03/30/2021,Complete,$0.00,Shipping,,1,$12.00
1119468-1158911,Auto Accessories Garage,03/30/2021,03/30/2021,Complete,$6.61,A0144/B0125,,1,$82.35
1119468-1158911,Auto Accessories Garage,03/30/2021,03/30/2021,Complete,$6.61,Shipping,,1,$12.00
1119481-1158926,Auto Accessories Garage,03/30/2021,03/30/2021,Complete,$0.00,A0225/B0225,,1,$82.35
1119481-1158926,Auto Accessories Garage,03/30/2021,03/30/2021,Complete,$0.00,Shipping,,1,$12.00
1119503-1158954,Auto Accessories Garage,03/30/2021,03/30/2021,Complete,$0.00,A0418/B0418,,1,$82.35
1119503-1158954,Auto Accessories Garage,03/30/2021,03/30/2021,Complete,$0.00,Shipping,,1,$12.00
1119505-1158956,Auto Accessories Garage,03/30/2021,03/30/2021,Complete,$0.00,A0232,,1,$47.50
1119505-1158956,Auto Accessories Garage,03/30/2021,03/30/2021,Complete,$0.00,Shipping,,1,$12.00
1119513-1158965,Auto Accessories Garage,03/30/2021,03/30/2021,Complete,$0.00,A0150/B0150,,1,$82.35
1119513-1158965,Auto Accessories Garage,03/30/2021,03/30/2021,Complete,$0.00,Shipping,,1,$12.00
1119519-1158971,Auto Accessories Garage,03/30/2021,03/30/2021,Complete,$0.00,A0021/B0021,,1,$82.35
1119519-1158971,Auto Accessories Garage,03/30/2021,03/30/2021,Complete,$0.00,Shipping,,1,$12.00
1119523-1158975,Auto Accessories Garage,03/30/2021,03/30/2021,Complete,$0.00,A0046/B0046,,1,$97.06
1119523-1158975,Auto Accessories Garage,03/30/2021,03/30/2021,Complete,$0.00,Shipping,,1,$12.00
1119539-1158991,Auto Accessories Garage,03/30/2021,03/30/2021,Complete,$0.00,A0260/B0133,,1,$82.35
1119539-1158991,Auto Accessories Garage,03/30/2021,03/30/2021,Complete,$0.00,Shipping,,1,$12.00
1119561-1159014,Auto Accessories Garage,03/30/2021,03/30/2021,Complete,$0.00,A0317/B0182,,1,$93.67
1119561-1159014,Auto Accessories Garage,03/30/2021,03/30/2021,Complete,$0.00,Shipping,,1,$12.00
1119566-1159019,Auto Accessories Garage,03/30/2021,03/30/2021,Complete,$0.00,A1043/B1044,A1043/B1044-P,1,$97.06
1119566-1159019,Auto Accessories Garage,03/30/2021,03/30/2021,Complete,$0.00,Shipping,,1,$12.00
1119574-1159027,Auto Accessories Garage,03/30/2021,03/30/2021,Complete,$0.00,D0131,,1,$52.94
1119574-1159027,Auto Accessories Garage,03/30/2021,03/30/2021,Complete,$0.00,Shipping,,1,$11.00
1119581-1159036,Auto Accessories Garage,03/30/2021,03/30/2021,Complete,$0.00,A0108,,1,$47.50
1119581-1159036,Auto Accessories Garage,03/30/2021,03/30/2021,Complete,$0.00,Shipping,,1,$12.00
1119586-1159042,Auto Accessories Garage,03/30/2021,03/30/2021,Complete,$0.00,A0043/B0044/E0162,A0043/B0044-P/E0162,1,$149.99
1119586-1159042,Auto Accessories Garage,03/30/2021,03/30/2021,Complete,$0.00,Shipping,,1,$23.00
1119605-1159063,Auto Accessories Garage,03/30/2021,03/30/2021,Complete,$0.00,A0250/B0250/D0386,,1,$135.28
1119605-1159063,Auto Accessories Garage,03/30/2021,03/30/2021,Complete,$0.00,Shipping,,1,$23.00
1119620-1159080,Auto Accessories Garage,03/30/2021,03/30/2021,Complete,$0.00,A0346,,1,$47.50
1119620-1159080,Auto Accessories Garage,03/30/2021,03/30/2021,Complete,$0.00,Shipping,,1,$12.00
1119621-1159081,Auto Accessories Garage,03/30/2021,03/30/2021,Complete,$0.00,A0235/B0235,,1,$82.35
1119621-1159081,Auto Accessories Garage,03/30/2021,03/30/2021,Complete,$0.00,Shipping,,1,$12.00
1119657-1159119,Auto Accessories Garage,03/30/2021,03/30/2021,Complete,$0.00,A0350/B0351/C0351/D0351,,1,$165.78
1119657-1159119,Auto Accessories Garage,03/30/2021,03/30/2021,Complete,$0.00,Shipping,,1,$23.00
1119660-1159122,Auto Accessories Garage,03/30/2021,03/30/2021,Complete,$0.00,A0015/B0015/D0045,,1,$135.28
1119660-1159122,Auto Accessories Garage,03/30/2021,03/30/2021,Complete,$0.00,Shipping,,1,$23.00
1119664-1159126,Auto Accessories Garage,03/30/2021,03/30/2021,Complete,$0.00,A0243/B0243,,1,$82.35
1119664-1159126,Auto Accessories Garage,03/30/2021,03/30/2021,Complete,$0.00,Shipping,,1,$12.00
1119667-1159129,Auto Accessories Garage,03/30/2021,03/30/2021,Complete,$0.00,A0242/B0242,,1,$82.35
1119667-1159129,Auto Accessories Garage,03/30/2021,03/30/2021,Complete,$0.00,Shipping,,1,$12.00
1119668-1159130,Auto Accessories Garage,03/30/2021,03/30/2021,Complete,$0.00,A0019/B0019/D0051,,1,$135.28
1119668-1159130,Auto Accessories Garage,03/30/2021,03/30/2021,Complete,$0.00,Shipping,,1,$23.00
1119670-1159133,Auto Accessories Garage,03/30/2021,03/30/2021,Complete,$0.00,A0157/B0157,,1,$82.35
1119670-1159133,Auto Accessories Garage,03/30/2021,03/30/2021,Complete,$0.00,Shipping,,1,$12.00
1119678-1159141,Auto Accessories Garage,03/30/2021,03/30/2021,Complete,$0.00,A0222/B0222,,1,$82.35
1119678-1159141,Auto Accessories Garage,03/30/2021,03/30/2021,Complete,$0.00,Shipping,,1,$12.00
1119680-1159143,Auto Accessories Garage,03/30/2021,03/30/2021,Complete,$0.00,A0126/B0048,,1,$82.35
1119680-1159143,Auto Accessories Garage,03/30/2021,03/30/2021,Complete,$0.00,Shipping,,1,$12.00
1119686-1159149,Auto Accessories Garage,03/30/2021,03/30/2021,Complete,$7.76,D0515,,1,$52.94
1119686-1159149,Auto Accessories Garage,03/30/2021,03/30/2021,Complete,$7.76,B0410,,1,$34.85
1119686-1159149,Auto Accessories Garage,03/30/2021,03/30/2021,Complete,$7.76,Shipping,,1,$23.00
1119704-1159169,Auto Accessories Garage,03/30/2021,03/30/2021,Complete,$0.00,A2167/B2167,,1,$88.23
1119704-1159169,Auto Accessories Garage,03/30/2021,03/30/2021,Complete,$0.00,Shipping,,1,$12.00
1119707-1159172,Auto Accessories Garage,03/30/2021,03/30/2021,Complete,$0.00,A0260,,1,$47.50
1119707-1159172,Auto Accessories Garage,03/30/2021,03/30/2021,Complete,$0.00,Shipping,,1,$12.00
1119716-1159184,Auto Accessories Garage,03/30/2021,03/30/2021,Complete,$0.00,A0043/B0044/D0044,A0043/B0044-P/D0044,1,$149.99
1119716-1159184,Auto Accessories Garage,03/30/2021,03/30/2021,Complete,$0.00,Shipping,,1,$23.00
1119724-1159192,Auto Accessories Garage,03/30/2021,03/30/2021,Complete,$0.00,A0144/B0125,,1,$82.35
1119724-1159192,Auto Accessories Garage,03/30/2021,03/30/2021,Complete,$0.00,Shipping,,1,$12.00
1119725-1159193,Auto Accessories Garage,03/30/2021,03/30/2021,Complete,$0.00,A0206,,1,$47.50
1119725-1159193,Auto Accessories Garage,03/30/2021,03/30/2021,Complete,$0.00,Shipping,,1,$12.00
1119732-1159201,Auto Accessories Garage,03/30/2021,03/30/2021,Complete,$0.00,A0360/B0360,,1,$82.35
1119732-1159201,Auto Accessories Garage,03/30/2021,03/30/2021,Complete,$0.00,Shipping,,1,$12.00
1119734-1159203,Auto Accessories Garage,03/30/2021,03/30/2021,Complete,$0.00,A0226,,1,$58.82
1119734-1159203,Auto Accessories Garage,03/30/2021,03/30/2021,Complete,$0.00,Shipping,,1,$12.00
1119748-1159219,Auto Accessories Garage,03/30/2021,03/30/2021,Complete,$4.47,A0461,,1,$47.50
1119748-1159219,Auto Accessories Garage,03/30/2021,03/30/2021,Complete,$4.47,Shipping,,1,$12.00
1119763-1159236,Auto Accessories Garage,03/30/2021,03/30/2021,Complete,$0.00,A0131/B0131/D0131,,1,$141.17
1119763-1159236,Auto Accessories Garage,03/30/2021,03/30/2021,Complete,$0.00,Shipping,,1,$23.00
1119782-1159255,Auto Accessories Garage,03/30/2021,03/30/2021,Complete,$0.00,A0164/B0164,,1,$82.35
1119782-1159255,Auto Accessories Garage,03/30/2021,03/30/2021,Complete,$0.00,Shipping,,1,$12.00
1119789-1159268,Auto Accessories Garage,03/30/2021,03/30/2021,Complete,$0.00,A0240/B0240,,1,$88.23
1119789-1159268,Auto Accessories Garage,03/30/2021,03/30/2021,Complete,$0.00,Shipping,,1,$12.00
1119799-1159279,Auto Accessories Garage,03/30/2021,03/30/2021,Complete,$11.09,A0242/B0242/D0242,,1,$135.28
1119799-1159279,Auto Accessories Garage,03/30/2021,03/30/2021,Complete,$11.09,Shipping,,1,$23.00
1119806-1159287,Auto Accessories Garage,03/30/2021,03/30/2021,Complete,$0.00,A0119/B0070,,1,$82.35
1119806-1159287,Auto Accessories Garage,03/30/2021,03/30/2021,Complete,$0.00,Shipping,,1,$12.00
1119812-1159293,Auto Accessories Garage,03/30/2021,03/30/2021,Complete,$8.75,A0325/B0325/C0325,,1,$112.84
1119812-1159293,Auto Accessories Garage,03/30/2021,03/30/2021,Complete,$8.75,Shipping,,1,$12.00
AMS140328604,Auto Mat Store,03/29/2021,03/29/2021,Complete,$11.10,A0136-P/B0163/C0153,A0136/B0163/C0153,1,$130.89
AMS140328604,Auto Mat Store,03/29/2021,03/29/2021,Complete,$11.10,Shipping,,1,$17.00
BD112-0686116-4961857,MN Global LLC,03/29/2021,03/29/2021,Complete,$0.00,A0139/B0073,,1,$95.52
BD112-0686116-4961857,MN Global LLC,03/29/2021,03/29/2021,Complete,$0.00,Shipping,,1,$17.00
BD112-2915727-6477016,MN Global LLC,03/29/2021,03/30/2021,Complete,$0.00,A0136-P/B0153/C0153,,1,$130.89
BD112-2915727-6477016,MN Global LLC,03/29/2021,03/30/2021,Complete,$0.00,Shipping,,1,$17.00
BD113-6703364-5213005,MN Global LLC,03/29/2021,03/29/2021,Complete,$0.00,A0167/B0167,A0167-P/B0167,1,$102.35
BD113-6703364-5213005,MN Global LLC,03/29/2021,03/29/2021,Complete,$0.00,Shipping,,1,$17.00
BD113-7573008-7993003,MN Global LLC,03/29/2021,03/29/2021,Complete,$0.00,A0345/B0345,,1,$112.58
BD113-7573008-7993003,MN Global LLC,03/29/2021,03/29/2021,Complete,$0.00,Shipping,,1,$17.00
BD113-7884658-4003425,MN Global LLC,03/29/2021,03/29/2021,Complete,$0.00,A0139/B0073,,1,$95.52
BD113-7884658-4003425,MN Global LLC,03/29/2021,03/29/2021,Complete,$0.00,Shipping,,1,$17.00
BD114-2675765-8841804,MN Global LLC,03/29/2021,03/29/2021,Complete,$0.00,A0222/B0222/C0222/D0357,,1,$192.30
BD114-2675765-8841804,MN Global LLC,03/29/2021,03/29/2021,Complete,$0.00,Shipping,,1,$32.00
BD114-4534114-7412213,MN Global LLC,03/29/2021,03/29/2021,Complete,$0.00,A0222/B0222,,1,$95.52
BD114-4534114-7412213,MN Global LLC,03/29/2021,03/29/2021,Complete,$0.00,Shipping,,1,$17.00
BD114-6274226-5897801,MN Global LLC,03/29/2021,03/29/2021,Complete,$0.00,A0222/B0222,,1,$95.52
BD114-6274226-5897801,MN Global LLC,03/29/2021,03/29/2021,Complete,$0.00,Shipping,,1,$17.00
BD114-8172039-6469051,MN Global LLC,03/29/2021,03/29/2021,Complete,$0.00,A0139/B0073,,1,$95.52
BD114-8172039-6469051,MN Global LLC,03/29/2021,03/29/2021,Complete,$0.00,Shipping,,1,$17.00
BD24-06817-65125,MN Global LLC,03/29/2021,03/29/2021,Complete,$0.00,A0178/B0179,,1,$95.52
BD24-06817-65125,MN Global LLC,03/29/2021,03/29/2021,Complete,$0.00,Shipping,,1,$17.00
35-1174616-34ZGPZ,Onyx Enterprises Inc.,03/29/2021,03/29/2021,Complete,$4.85,D0181,,1,$51.56
35-1174616-34ZGPZ,Onyx Enterprises Inc.,03/29/2021,03/29/2021,Complete,$4.85,Shipping,,1,$13.00
35-1174687-34ZT9O,Onyx Enterprises Inc.,03/29/2021,03/29/2021,Complete,$0.00,C0152,,1,$34.57
35-1174687-34ZT9O,Onyx Enterprises Inc.,03/29/2021,03/29/2021,Complete,$0.00,Shipping,,1,$15.00
35-1174761-350EP6,Onyx Enterprises Inc.,03/29/2021,03/29/2021,Complete,$0.00,D0128,,1,$51.56
35-1174761-350EP6,Onyx Enterprises Inc.,03/29/2021,03/29/2021,Complete,$0.00,Shipping,,1,$13.00
35-1174772-350HTC,Onyx Enterprises Inc.,03/29/2021,03/29/2021,Complete,$0.00,B0103,,1,$48.27
35-1174772-350HTC,Onyx Enterprises Inc.,03/29/2021,03/29/2021,Complete,$0.00,Shipping,,1,$15.00
35-1174805-350RJ1,Onyx Enterprises Inc.,03/29/2021,03/29/2021,Complete,$0.00,D0056,,1,$51.56
35-1174805-350RJ1,Onyx Enterprises Inc.,03/29/2021,03/29/2021,Complete,$0.00,Shipping,,1,$13.00
35-1175432-354YL8,Onyx Enterprises Inc.,03/30/2021,03/30/2021,Complete,$4.21,D0128,,1,$51.56
35-1175432-354YL8,Onyx Enterprises Inc.,03/30/2021,03/30/2021,Complete,$4.21,Shipping,,1,$13.00
35-1175501-355661,Onyx Enterprises Inc.,03/30/2021,03/30/2021,Complete,$0.00,D0128,,1,$51.56
35-1175501-355661,Onyx Enterprises Inc.,03/30/2021,03/30/2021,Complete,$0.00,Shipping,,1,$13.00
40358460-34N8K5,Onyx Enterprises Inc.,03/29/2021,03/29/2021,Complete,$0.00,A0360/B0360,,1,$80.20
40358460-34N8K5,Onyx Enterprises Inc.,03/29/2021,03/29/2021,Complete,$0.00,Shipping,,1,$15.00
40437412-34W8QY,Onyx Enterprises Inc.,03/29/2021,03/29/2021,Complete,$0.00,A0150/B0150/D0150,,1,$131.76
40437412-34W8QY,Onyx Enterprises Inc.,03/29/2021,03/29/2021,Complete,$0.00,Shipping,,1,$28.00
40437764-34WC,Onyx Enterprises Inc.,03/29/2021,03/29/2021,Complete,$0.00,B0369,,1,$39.68
40437764-34WC,Onyx Enterprises Inc.,03/29/2021,03/29/2021,Complete,$0.00,A0373,,1,$57.29
40437764-34WC,Onyx Enterprises Inc.,03/29/2021,03/29/2021,Complete,$0.00,Shipping,,1,$30.00
40438860-34WEG9,Onyx Enterprises Inc.,03/29/2021,03/29/2021,Complete,$0.00,D0366,,1,$51.56
40438860-34WEG9,Onyx Enterprises Inc.,03/29/2021,03/29/2021,Complete,$0.00,Shipping,,1,$13.00
40443066-34WTBN,Onyx Enterprises Inc.,03/29/2021,03/29/2021,Complete,$0.00,A0224/B0224,,1,$80.20
40443066-34WTBN,Onyx Enterprises Inc.,03/29/2021,03/29/2021,Complete,$0.00,Shipping,,1,$15.00
40445847-34X5D2,Onyx Enterprises Inc.,03/29/2021,03/29/2021,Complete,$0.00,A0222/B0222/D0222,,1,$131.76
40445847-34X5D2,Onyx Enterprises Inc.,03/29/2021,03/29/2021,Complete,$0.00,Shipping,,1,$28.00
40447966-34XDI8,Onyx Enterprises Inc.,03/29/2021,03/29/2021,Complete,$0.00,A0126/B0048,,1,$80.20
40447966-34XDI8,Onyx Enterprises Inc.,03/29/2021,03/29/2021,Complete,$0.00,Shipping,,1,$15.00
40448775-34XEQX,Onyx Enterprises Inc.,03/29/2021,03/29/2021,Complete,$0.00,A0257,,1,$46.26
40448775-34XEQX,Onyx Enterprises Inc.,03/29/2021,03/29/2021,Complete,$0.00,Shipping,,1,$15.00
40449528-34XI5U,Onyx Enterprises Inc.,03/29/2021,03/29/2021,Complete,$0.00,B0341,,1,$33.94
40449528-34XI5U,Onyx Enterprises Inc.,03/29/2021,03/29/2021,Complete,$0.00,A0341,,1,$46.26
40449528-34XI5U,Onyx Enterprises Inc.,03/29/2021,03/29/2021,Complete,$0.00,Shipping,,1,$30.00
40450396-34XLAQ,Onyx Enterprises Inc.,03/29/2021,03/29/2021,Complete,$0.00,B0133,,1,$33.94
40450396-34XLAQ,Onyx Enterprises Inc.,03/29/2021,03/29/2021,Complete,$0.00,Shipping,,1,$15.00
40450579-34XMYO,Onyx Enterprises Inc.,03/29/2021,03/29/2021,Complete,$0.00,A0119/B0070,,1,$80.20
40450579-34XMYO,Onyx Enterprises Inc.,03/29/2021,03/29/2021,Complete,$0.00,Shipping,,1,$15.00
40452606-34Y1XD,Onyx Enterprises Inc.,03/29/2021,03/29/2021,Complete,$0.00,D0208,,1,$51.56
40452606-34Y1XD,Onyx Enterprises Inc.,03/29/2021,03/29/2021,Complete,$0.00,Shipping,,1,$13.00
40456670-34YIPJ,Onyx Enterprises Inc.,03/29/2021,03/29/2021,Complete,$0.00,A0022/B0022,,1,$80.20
40456670-34YIPJ,Onyx Enterprises Inc.,03/29/2021,03/29/2021,Complete,$0.00,Shipping,,1,$15.00
40457204-34YKRG,Onyx Enterprises Inc.,03/29/2021,03/29/2021,Complete,$0.00,A0400/B0402,,1,$85.94
40457204-34YKRG,Onyx Enterprises Inc.,03/29/2021,03/29/2021,Complete,$0.00,Shipping,,1,$15.00
40457324-34YKWM,Onyx Enterprises Inc.,03/29/2021,03/29/2021,Complete,$0.00,A0089/B0089,,1,$80.20
40457324-34YKWM,Onyx Enterprises Inc.,03/29/2021,03/29/2021,Complete,$0.00,Shipping,,1,$15.00
40458894-34YPEB,Onyx Enterprises Inc.,03/29/2021,03/29/2021,Complete,$0.00,A0165,,1,$46.26
40458894-34YPEB,Onyx Enterprises Inc.,03/29/2021,03/29/2021,Complete,$0.00,Shipping,,1,$15.00
40460601-34YV4O,Onyx Enterprises Inc.,03/29/2021,03/29/2021,Complete,$0.00,A0193/B0195/D0195,,1,$131.76
40460601-34YV4O,Onyx Enterprises Inc.,03/29/2021,03/29/2021,Complete,$0.00,Shipping,,1,$28.00
40466027-34ZCNP,Onyx Enterprises Inc.,03/29/2021,03/29/2021,Complete,$0.00,A0410,,1,$46.26
40466027-34ZCNP,Onyx Enterprises Inc.,03/29/2021,03/29/2021,Complete,$0.00,Shipping,,1,$15.00
40467373-34ZHI5,Onyx Enterprises Inc.,03/29/2021,03/29/2021,Complete,$6.20,A0022/B0041,,1,$80.20
40467373-34ZHI5,Onyx Enterprises Inc.,03/29/2021,03/29/2021,Complete,$6.20,Shipping,,1,$15.00
40468537-34ZLYA,Onyx Enterprises Inc.,03/29/2021,03/29/2021,Complete,$0.00,D0071,,1,$51.56
40468537-34ZLYA,Onyx Enterprises Inc.,03/29/2021,03/29/2021,Complete,$0.00,Shipping,,1,$13.00
40471914-34ZWB9,Onyx Enterprises Inc.,03/29/2021,03/29/2021,Complete,$0.00,A0224/B0224,,1,$80.20
40471914-34ZWB9,Onyx Enterprises Inc.,03/29/2021,03/29/2021,Complete,$0.00,Shipping,,1,$15.00
40475224-350FSI,Onyx Enterprises Inc.,03/29/2021,03/29/2021,Complete,$0.00,A0136-P/B0221/C0166,,1,$109.91
40475224-350FSI,Onyx Enterprises Inc.,03/29/2021,03/29/2021,Complete,$0.00,Shipping,,1,$15.00
40475725-350ID1,Onyx Enterprises Inc.,03/29/2021,03/29/2021,Complete,$0.00,A2128/B2083,,1,$80.20
40475725-350ID1,Onyx Enterprises Inc.,03/29/2021,03/29/2021,Complete,$0.00,Shipping,,1,$15.00
40475876-350ITD,Onyx Enterprises Inc.,03/29/2021,03/29/2021,Complete,$0.00,D0208,,1,$51.56
40475876-350ITD,Onyx Enterprises Inc.,03/29/2021,03/29/2021,Complete,$0.00,Shipping,,1,$13.00
40477465-350OAG,Onyx Enterprises Inc.,03/29/2021,03/29/2021,Complete,$0.00,A2102,,1,$46.26
40477465-350OAG,Onyx Enterprises Inc.,03/29/2021,03/29/2021,Complete,$0.00,Shipping,,1,$15.00
40477560-350OLV,Onyx Enterprises Inc.,03/29/2021,03/29/2021,Complete,$0.00,A0218,,1,$46.26
40477560-350OLV,Onyx Enterprises Inc.,03/29/2021,03/29/2021,Complete,$0.00,Shipping,,1,$15.00
40478773-350TF9,Onyx Enterprises Inc.,03/29/2021,03/29/2021,Complete,$0.00,A3136,,1,$46.26
40478773-350TF9,Onyx Enterprises Inc.,03/29/2021,03/29/2021,Complete,$0.00,Shipping,,1,$15.00
40479605-350VNN,Onyx Enterprises Inc.,03/29/2021,03/29/2021,Complete,$7.15,A0126/B0048,,1,$80.20
40479605-350VNN,Onyx Enterprises Inc.,03/29/2021,03/29/2021,Complete,$7.15,Shipping,,1,$15.00
40483586-35194Y,Onyx Enterprises Inc.,03/29/2021,03/29/2021,Complete,$0.00,A0094/B0028,,1,$85.94
40483586-35194Y,Onyx Enterprises Inc.,03/29/2021,03/29/2021,Complete,$0.00,Shipping,,1,$15.00
40483687-351846,Onyx Enterprises Inc.,03/29/2021,03/29/2021,Complete,$0.00,A0094,,1,$46.26
40483687-351846,Onyx Enterprises Inc.,03/29/2021,03/29/2021,Complete,$0.00,Shipping,,1,$15.00
40484089-351AMW,Onyx Enterprises Inc.,03/29/2021,03/29/2021,Complete,$0.00,D0376,,1,$51.56
40484089-351AMW,Onyx Enterprises Inc.,03/29/2021,03/29/2021,Complete,$0.00,Shipping,,1,$13.00
40485389-351DOB,Onyx Enterprises Inc.,03/29/2021,03/29/2021,Complete,$0.00,A0224,,1,$46.26
40485389-351DOB,Onyx Enterprises Inc.,03/29/2021,03/29/2021,Complete,$0.00,Shipping,,1,$15.00
40486671-351J5X,Onyx Enterprises Inc.,03/29/2021,03/29/2021,Complete,$0.00,D0371,,1,$51.56
40486671-351J5X,Onyx Enterprises Inc.,03/29/2021,03/29/2021,Complete,$0.00,Shipping,,1,$13.00
40488155-351NUG,Onyx Enterprises Inc.,03/29/2021,03/29/2021,Complete,$0.00,A0130,,1,$46.26
40488155-351NUG,Onyx Enterprises Inc.,03/29/2021,03/29/2021,Complete,$0.00,Shipping,,1,$15.00
40491731-351YRY,Onyx Enterprises Inc.,03/29/2021,03/29/2021,Complete,$0.00,E0159,,1,$51.56
40491731-351YRY,Onyx Enterprises Inc.,03/29/2021,03/29/2021,Complete,$0.00,Shipping,,1,$13.00
40491869-3520,Onyx Enterprises Inc.,03/29/2021,03/29/2021,Complete,$0.00,D0371,,1,$51.56
40491869-3520,Onyx Enterprises Inc.,03/29/2021,03/29/2021,Complete,$0.00,Shipping,,1,$13.00
40493055-352431,Onyx Enterprises Inc.,03/29/2021,03/29/2021,Complete,$0.00,A0150/B0150/D0150,,1,$131.76
40493055-352431,Onyx Enterprises Inc.,03/29/2021,03/29/2021,Complete,$0.00,Shipping,,1,$28.00
40493851-3527MF,Onyx Enterprises Inc.,03/29/2021,03/29/2021,Complete,$0.00,A0419/B0419/D0419,,1,$131.76
40493851-3527MF,Onyx Enterprises Inc.,03/29/2021,03/29/2021,Complete,$0.00,Shipping,,1,$28.00
40497715-352Z8P,Onyx Enterprises Inc.,03/29/2021,03/29/2021,Complete,$0.00,D0150,,1,$51.56
40497715-352Z8P,Onyx Enterprises Inc.,03/29/2021,03/29/2021,Complete,$0.00,Shipping,,1,$13.00
40498334-3533TT,Onyx Enterprises Inc.,03/29/2021,03/29/2021,Complete,$0.00,A1087,,1,$46.26
40498334-3533TT,Onyx Enterprises Inc.,03/29/2021,03/29/2021,Complete,$0.00,Shipping,,1,$15.00
40501890-353HX6,Onyx Enterprises Inc.,03/30/2021,03/30/2021,Complete,$0.00,A0430,,1,$46.26
40501890-353HX6,Onyx Enterprises Inc.,03/30/2021,03/30/2021,Complete,$0.00,Shipping,,1,$15.00
40501930-353HT5,Onyx Enterprises Inc.,03/30/2021,03/30/2021,Complete,$0.00,B0150,,1,$33.94
40501930-353HT5,Onyx Enterprises Inc.,03/30/2021,03/30/2021,Complete,$0.00,A0150,,1,$46.26
40501930-353HT5,Onyx Enterprises Inc.,03/30/2021,03/30/2021,Complete,$0.00,Shipping,,1,$30.00
40504054-353Q3M,Onyx Enterprises Inc.,03/30/2021,03/30/2021,Complete,$0.00,A0255,,1,$46.26
40504054-353Q3M,Onyx Enterprises Inc.,03/30/2021,03/30/2021,Complete,$0.00,Shipping,,1,$15.00
40506680-353Z0Y,Onyx Enterprises Inc.,03/30/2021,03/30/2021,Complete,$0.00,A0033,,1,$46.26
40506680-353Z0Y,Onyx Enterprises Inc.,03/30/2021,03/30/2021,Complete,$0.00,Shipping,,1,$15.00
40513317-354N5B,Onyx Enterprises Inc.,03/30/2021,03/30/2021,Complete,$0.00,A0450,,1,$46.26
40513317-354N5B,Onyx Enterprises Inc.,03/30/2021,03/30/2021,Complete,$0.00,Shipping,,1,$15.00
40519748-355893,Onyx Enterprises Inc.,03/30/2021,03/30/2021,Complete,$0.00,A0015/B0228,,1,$80.20
40519748-355893,Onyx Enterprises Inc.,03/30/2021,03/30/2021,Complete,$0.00,Shipping,,1,$15.00
40520464-355AF2,Onyx Enterprises Inc.,03/30/2021,03/30/2021,Complete,$0.00,A0151/B0151/D0151,,1,$131.76
40520464-355AF2,Onyx Enterprises Inc.,03/30/2021,03/30/2021,Complete,$0.00,Shipping,,1,$28.00
40522526-355WCO,Onyx Enterprises Inc.,03/30/2021,03/30/2021,Complete,$0.00,A0420/B0420,,1,$80.20
40522526-355WCO,Onyx Enterprises Inc.,03/30/2021,03/30/2021,Complete,$0.00,Shipping,,1,$15.00
40528829-356R0I,Onyx Enterprises Inc.,03/30/2021,03/30/2021,Complete,$4.85,E0345,,1,$51.56
40528829-356R0I,Onyx Enterprises Inc.,03/30/2021,03/30/2021,Complete,$4.85,Shipping,,1,$13.00
48-92130-34WYAP,Onyx Enterprises Inc.,03/29/2021,03/29/2021,Complete,$13.68,A0136-P/B0221/C0166/E0159,,1,$167.20
48-92130-34WYAP,Onyx Enterprises Inc.,03/29/2021,03/29/2021,Complete,$13.68,Shipping,,1,$28.00
3389355,Overstock Accessories,03/29/2021,03/29/2021,Complete,$9.22,A3043/B3044/D3044,SA3043/B3044/D3044,1,$173.99
3389355,Overstock Accessories,03/29/2021,03/29/2021,Complete,$9.22,Shipping,,1,$32.00
3392702,Overstock Accessories,03/29/2021,03/29/2021,Complete,$5.68,D0128,SD0128,1,$61.40
3392702,Overstock Accessories,03/29/2021,03/29/2021,Complete,$5.68,Shipping,,1,$17.00
03-06805-68187,MN Global LLC,03/29/2021,03/29/2021,Complete,$0.00,A0411/B0411/D0411,SA0411/B0411/D0411,1,$156.92
03-06805-68187,MN Global LLC,03/29/2021,03/29/2021,Complete,$0.00,Shipping,,1,$32.00
03-06806-77829,MN Global LLC,03/29/2021,03/29/2021,Complete,$0.00,A0131/B0131,SA0131/B0131,1,$102.35
03-06806-77829,MN Global LLC,03/29/2021,03/29/2021,Complete,$0.00,Shipping,,1,$17.00
03-06813-96205,MN Global LLC,03/29/2021,03/29/2021,Complete,$0.00,A0104/B0104,SA0104/B0104,1,$95.52
03-06813-96205,MN Global LLC,03/29/2021,03/29/2021,Complete,$0.00,Shipping,,1,$17.00
03-06815-88798,MN Global LLC,03/29/2021,03/29/2021,Complete,$0.00,D0371,SD0371,1,$61.40
03-06815-88798,MN Global LLC,03/29/2021,03/29/2021,Complete,$0.00,Shipping,,1,$17.00
03-06825-00309,MN Global LLC,03/30/2021,03/30/2021,Complete,$0.00,A0043/B0044,SA0043/B0044,1,$112.58
03-06825-00309,MN Global LLC,03/30/2021,03/30/2021,Complete,$0.00,Shipping,,1,$17.00
06-06816-33463,MN Global LLC,03/29/2021,03/29/2021,Complete,$11.81,A0136-P/B0159/E0159,SA0136-P/B0159/E0159,1,$156.92
06-06816-33463,MN Global LLC,03/29/2021,03/29/2021,Complete,$11.81,Shipping,,1,$32.00
06-06816-52077,MN Global LLC,03/29/2021,03/29/2021,Complete,$0.00,A0350,SA0350,1,$55.09
06-06816-52077,MN Global LLC,03/29/2021,03/29/2021,Complete,$0.00,Shipping,,1,$17.00
07-06811-42576,MN Global LLC,03/29/2021,03/29/2021,Complete,$0.00,A0176/B0297,SA0176/B0297,1,$95.52
07-06811-42576,MN Global LLC,03/29/2021,03/29/2021,Complete,$0.00,Shipping,,1,$17.00
07-06814-63683,MN Global LLC,03/29/2021,03/29/2021,Complete,$0.00,A0224,SA0224,1,$55.09
07-06814-63683,MN Global LLC,03/29/2021,03/29/2021,Complete,$0.00,Shipping,,1,$17.00
07-06822-28111,MN Global LLC,03/30/2021,03/30/2021,Complete,$0.00,A0119,SA0119,1,$55.09
07-06822-28111,MN Global LLC,03/30/2021,03/30/2021,Complete,$0.00,Shipping,,1,$17.00
08-06810-46940,MN Global LLC,03/29/2021,03/29/2021,Complete,$0.00,A1115,SA1115,1,$55.09
08-06810-46940,MN Global LLC,03/29/2021,03/29/2021,Complete,$0.00,Shipping,,1,$17.00
08-06815-34657,MN Global LLC,03/29/2021,03/29/2021,Complete,$0.00,A0131/B0131/D0131,SA0131/B0131/D0131,1,$163.75
08-06815-34657,MN Global LLC,03/29/2021,03/29/2021,Complete,$0.00,Shipping,,1,$32.00
09-06816-21721,MN Global LLC,03/29/2021,03/29/2021,Complete,$5.95,A0242,SA0242,1,$55.09
09-06816-21721,MN Global LLC,03/29/2021,03/29/2021,Complete,$5.95,Shipping,,1,$17.00
10-06815-90533,MN Global LLC,03/29/2021,03/29/2021,Complete,$0.00,A0178/B0179,SA0178/B0179,1,$95.52
10-06815-90533,MN Global LLC,03/29/2021,03/29/2021,Complete,$0.00,Shipping,,1,$17.00
11-06809-46868,MN Global LLC,03/29/2021,03/29/2021,Complete,$5.95,A0015,SA0015,1,$55.09
11-06809-46868,MN Global LLC,03/29/2021,03/29/2021,Complete,$5.95,Shipping,,1,$17.00
11-06814-87113,MN Global LLC,03/29/2021,03/29/2021,Complete,$0.00,A0136,SA0136-P,1,$55.09
11-06814-87113,MN Global LLC,03/29/2021,03/29/2021,Complete,$0.00,Shipping,,1,$17.00
111-0226363-6458617,MN Global LLC,03/30/2021,03/30/2021,Complete,$7.88,A0222/B0222,SA0222/B0222,1,$95.52
111-0226363-6458617,MN Global LLC,03/30/2021,03/30/2021,Complete,$7.88,Shipping,,1,$17.00
111-0289484-7453038,MN Global LLC,03/29/2021,03/29/2021,Complete,$0.00,A0355,SA0355,1,$55.09
111-0289484-7453038,MN Global LLC,03/29/2021,03/29/2021,Complete,$0.00,Shipping,,1,$17.00
111-0307928-6549056,MN Global LLC,03/29/2021,03/29/2021,Complete,$4.02,D0222,SD0222,1,$61.40
111-0307928-6549056,MN Global LLC,03/29/2021,03/29/2021,Complete,$4.02,Shipping,,1,$17.00
111-0412869-0077829,MN Global LLC,03/30/2021,03/30/2021,Complete,$0.00,A0222,SA0222,1,$55.09
111-0412869-0077829,MN Global LLC,03/30/2021,03/30/2021,Complete,$0.00,Shipping,,1,$17.00
111-0511973-0840229,MN Global LLC,03/29/2021,03/29/2021,Complete,$5.06,A0144/B0125,SA0144/B0125,1,$95.52
111-0511973-0840229,MN Global LLC,03/29/2021,03/29/2021,Complete,$5.06,Shipping,,1,$17.00
111-0515923-7809812,MN Global LLC,03/30/2021,03/30/2021,Complete,$0.00,A0106/B0106,SA0106/B0106,1,$95.52
111-0515923-7809812,MN Global LLC,03/30/2021,03/30/2021,Complete,$0.00,Shipping,,1,$17.00
111-1443476-5681814,MN Global LLC,03/29/2021,03/29/2021,Complete,$5.73,A0158/B0158,SA0158/B0158,1,$95.52
111-1443476-5681814,MN Global LLC,03/29/2021,03/29/2021,Complete,$5.73,Shipping,,1,$17.00
111-1803590-3185839,MN Global LLC,03/30/2021,03/30/2021,Complete,$0.00,A0119/B0070,SA0119/B0070,1,$95.52
111-1803590-3185839,MN Global LLC,03/30/2021,03/30/2021,Complete,$0.00,Shipping,,1,$17.00
111-1808238-6336226,MN Global LLC,03/30/2021,03/30/2021,Complete,$0.00,A0222/B0222/C0222,SA0222/B0222/C0222,1,$130.89
111-1808238-6336226,MN Global LLC,03/30/2021,03/30/2021,Complete,$0.00,Shipping,,1,$17.00
111-3039804-6643415,MN Global LLC,03/29/2021,03/29/2021,Complete,$0.00,A0139/B0073,SA0139/B0073,1,$95.52
111-3039804-6643415,MN Global LLC,03/29/2021,03/29/2021,Complete,$0.00,Shipping,,1,$17.00
111-6081463-4222625,MN Global LLC,03/29/2021,03/29/2021,Complete,$0.00,A0222,SA0222,1,$55.09
111-6081463-4222625,MN Global LLC,03/29/2021,03/29/2021,Complete,$0.00,Shipping,,1,$17.00
111-9972425-0235429,MN Global LLC,03/29/2021,03/29/2021,Complete,$0.00,B0345,SB0345,1,$57.49
111-9972425-0235429,MN Global LLC,03/29/2021,03/29/2021,Complete,$0.00,Shipping,,1,$17.00
111-9976897-3350627,MN Global LLC,03/29/2021,03/29/2021,Complete,$0.00,A0136-P/B0153/C0153,SA0136-P/B0153/C0153,1,$130.89
111-9976897-3350627,MN Global LLC,03/29/2021,03/29/2021,Complete,$0.00,Shipping,,1,$17.00
112-0241173-5090625,MN Global LLC,03/29/2021,03/29/2021,Complete,$8.75,A0345/B0345,SA0345/B0345,1,$112.58
112-0241173-5090625,MN Global LLC,03/29/2021,03/29/2021,Complete,$8.75,Shipping,,1,$17.00
112-2467250-8805035,MN Global LLC,03/29/2021,03/29/2021,Complete,$0.00,D0222,SD0222,1,$61.40
112-2467250-8805035,MN Global LLC,03/29/2021,03/29/2021,Complete,$0.00,Shipping,,1,$17.00
112-2720103-9264213,MN Global LLC,03/29/2021,03/29/2021,Complete,$5.73,A0244/B0206,SA0244/B0206,1,$95.52
112-2720103-9264213,MN Global LLC,03/29/2021,03/29/2021,Complete,$5.73,Shipping,,1,$17.00
112-2876824-8875410,MN Global LLC,03/30/2021,03/30/2021,Complete,$0.00,A0193/B0195/D0195,SA0193/B0195/D0195,1,$156.92
112-2876824-8875410,MN Global LLC,03/30/2021,03/30/2021,Complete,$0.00,Shipping,,1,$32.00
112-3198137-8030642,MN Global LLC,03/30/2021,03/30/2021,Complete,$5.06,A0036/B0036,SA0036/B0036,1,$95.52
112-3198137-8030642,MN Global LLC,03/30/2021,03/30/2021,Complete,$5.06,Shipping,,1,$17.00
112-4836176-3451454,MN Global LLC,03/29/2021,03/29/2021,Complete,$0.00,B0345,SB0345,1,$57.49
112-4836176-3451454,MN Global LLC,03/29/2021,03/29/2021,Complete,$0.00,Shipping,,1,$17.00
112-5014270-4356205,MN Global LLC,03/29/2021,03/29/2021,Complete,$5.73,A2102/B2102,SA2102/B2102,1,$95.52
112-5014270-4356205,MN Global LLC,03/29/2021,03/29/2021,Complete,$5.73,Shipping,,1,$17.00
112-5604718-2735402,MN Global LLC,03/29/2021,03/29/2021,Complete,$0.00,B0345,SB0345,1,$57.49
112-5604718-2735402,MN Global LLC,03/29/2021,03/29/2021,Complete,$0.00,Shipping,,1,$17.00
112-5948474-4866608,MN Global LLC,03/30/2021,03/30/2021,Complete,$0.00,A0136-P/B0159/E0159,SA0136-P/B0159/E0159,1,$156.92
112-5948474-4866608,MN Global LLC,03/30/2021,03/30/2021,Complete,$0.00,Shipping,,1,$32.00
112-7194401-0161827,MN Global LLC,03/29/2021,03/29/2021,Complete,$5.95,A0042,SA0042,1,$55.09
112-7194401-0161827,MN Global LLC,03/29/2021,03/29/2021,Complete,$5.95,Shipping,,1,$17.00
113-0011232-8359419,MN Global LLC,03/29/2021,03/29/2021,Complete,$9.42,A0222/B0222/D0222,SA0222/B0222/D0222,1,$156.92
113-0011232-8359419,MN Global LLC,03/29/2021,03/29/2021,Complete,$9.42,Shipping,,1,$32.00
113-0415812-3450640,MN Global LLC,03/29/2021,03/29/2021,Complete,$10.29,A0167/B0167,SA0167/B0167,1,$102.35
113-0415812-3450640,MN Global LLC,03/29/2021,03/29/2021,Complete,$10.29,Shipping,,1,$17.00
113-1888403-4480208,MN Global LLC,03/29/2021,03/29/2021,Complete,$5.95,A0108/B0155,SA0108/B0155,1,$108.15
113-1888403-4480208,MN Global LLC,03/29/2021,03/29/2021,Complete,$5.95,Shipping,,1,$17.00
113-2239654-0929015,MN Global LLC,03/29/2021,03/29/2021,Complete,$0.00,A0043,SA0043,1,$55.09
113-2239654-0929015,MN Global LLC,03/29/2021,03/29/2021,Complete,$0.00,Shipping,,1,$17.00
113-2663596-5177851,MN Global LLC,03/29/2021,03/29/2021,Complete,$7.88,A0139/B0073,SA0139/B0073,1,$95.52
113-2663596-5177851,MN Global LLC,03/29/2021,03/29/2021,Complete,$7.88,Shipping,,1,$17.00
113-2856112-2052211,MN Global LLC,03/29/2021,03/29/2021,Complete,$9.28,A0139/B0073,SA0139/B0073,1,$95.52
113-2856112-2052211,MN Global LLC,03/29/2021,03/29/2021,Complete,$9.28,Shipping,,1,$17.00
113-3487734-0891439,MN Global LLC,03/29/2021,03/29/2021,Complete,$11.94,A0207/B0207/K0207,SA0207/B0207/K0207,1,$191.04
113-3487734-0891439,MN Global LLC,03/29/2021,03/29/2021,Complete,$11.94,Shipping,,1,$17.00
113-4050630-7783412,MN Global LLC,03/29/2021,03/29/2021,Complete,$0.00,A0119,SA0119,1,$55.09
113-4050630-7783412,MN Global LLC,03/29/2021,03/29/2021,Complete,$0.00,Shipping,,1,$17.00
113-5361795-9610667,MN Global LLC,03/29/2021,03/29/2021,Complete,$8.10,A0345/B0345,SA0345/B0345,1,$112.58
113-5361795-9610667,MN Global LLC,03/29/2021,03/29/2021,Complete,$8.10,Shipping,,1,$17.00
113-5943068-5221843,MN Global LLC,03/29/2021,03/29/2021,Complete,$0.00,A0345/B0345,SA0345/B0345,1,$112.58
113-5943068-5221843,MN Global LLC,03/29/2021,03/29/2021,Complete,$0.00,Shipping,,1,$17.00
113-7224247-8871469,MN Global LLC,03/29/2021,03/29/2021,Complete,$0.00,A0043,SA0043,1,$55.09
113-7224247-8871469,MN Global LLC,03/29/2021,03/29/2021,Complete,$0.00,Shipping,,1,$17.00
113-7361315-2701829,MN Global LLC,03/29/2021,03/29/2021,Complete,$0.00,A0136-P/B0153/C0153,SA0136-P/B0153/C0153,1,$130.89
113-7361315-2701829,MN Global LLC,03/29/2021,03/29/2021,Complete,$0.00,Shipping,,1,$17.00
113-7844191-1347447,MN Global LLC,03/29/2021,03/29/2021,Complete,$0.00,A0345/B0345,SA0345/B0345,1,$112.58
113-7844191-1347447,MN Global LLC,03/29/2021,03/29/2021,Complete,$0.00,Shipping,,1,$17.00
113-9266242-5081860,MN Global LLC,03/29/2021,03/29/2021,Complete,$7.03,A0222/B0222,SA0222/B0222,1,$95.52
113-9266242-5081860,MN Global LLC,03/29/2021,03/29/2021,Complete,$7.03,Shipping,,1,$17.00
114-0263884-3091470,MN Global LLC,03/29/2021,03/29/2021,Complete,$4.58,A0377,SA0377,1,$55.09
114-0263884-3091470,MN Global LLC,03/29/2021,03/29/2021,Complete,$4.58,Shipping,,1,$17.00
114-0395483-5502655,MN Global LLC,03/29/2021,03/29/2021,Complete,$0.00,D0222,SD0222,1,$61.40
114-0395483-5502655,MN Global LLC,03/29/2021,03/29/2021,Complete,$0.00,Shipping,,1,$17.00
114-1974189-9881837,MN Global LLC,03/30/2021,03/30/2021,Complete,$0.00,A0167/B0167,SA0167/B0167,1,$102.35
114-1974189-9881837,MN Global LLC,03/30/2021,03/30/2021,Complete,$0.00,Shipping,,1,$17.00
114-2358415-7421017,MN Global LLC,03/29/2021,03/29/2021,Complete,$6.96,D0222,SD0222,1,$61.40
114-2358415-7421017,MN Global LLC,03/29/2021,03/29/2021,Complete,$6.96,Shipping,,1,$17.00
114-2605887-4503438,MN Global LLC,03/29/2021,03/29/2021,Complete,$10.32,A0108/B0155,SA0108/B0155,1,$108.15
114-2605887-4503438,MN Global LLC,03/29/2021,03/29/2021,Complete,$10.32,Shipping,,1,$17.00
114-3753713-2534603,MN Global LLC,03/29/2021,03/29/2021,Complete,$3.25,D0222,SD0222,1,$61.40
114-3753713-2534603,MN Global LLC,03/29/2021,03/29/2021,Complete,$3.25,Shipping,,1,$17.00
114-4428792-2895425,MN Global LLC,03/29/2021,03/29/2021,Complete,$0.00,D0222,SD0222,1,$61.40
114-4428792-2895425,MN Global LLC,03/29/2021,03/29/2021,Complete,$0.00,Shipping,,1,$17.00
114-5004219-2238640,MN Global LLC,03/29/2021,03/29/2021,Complete,$0.00,A0222/B0222/D0222,SA0222/B0222/D0222,1,$156.92
114-5004219-2238640,MN Global LLC,03/29/2021,03/29/2021,Complete,$0.00,Shipping,,1,$32.00
114-5635773-7793826,MN Global LLC,03/29/2021,03/29/2021,Complete,$16.99,A0345/B0345/E0345,SA0345/B0345/E0345,1,$173.99
114-5635773-7793826,MN Global LLC,03/29/2021,03/29/2021,Complete,$16.99,Shipping,,1,$32.00
114-6310351-6774626,MN Global LLC,03/29/2021,03/29/2021,Complete,$5.97,A0222/B0222,SA0222/B0222,1,$95.52
114-6310351-6774626,MN Global LLC,03/29/2021,03/29/2021,Complete,$5.97,Shipping,,1,$17.00
114-6352609-0567446,MN Global LLC,03/29/2021,03/29/2021,Complete,$4.33,A0108/B0155,SA0108/B0155,1,$108.15
114-6352609-0567446,MN Global LLC,03/29/2021,03/29/2021,Complete,$4.33,Shipping,,1,$17.00
13-06808-87623,MN Global LLC,03/29/2021,03/29/2021,Complete,$0.00,A0119,SA0119,1,$55.09
13-06808-87623,MN Global LLC,03/29/2021,03/29/2021,Complete,$0.00,Shipping,,1,$17.00
13-06819-77569,MN Global LLC,03/30/2021,03/30/2021,Complete,$9.28,A0411/B0411,SA0411/B0411,1,$95.52
13-06819-77569,MN Global LLC,03/30/2021,03/30/2021,Complete,$9.28,Shipping,,1,$17.00
14-06804-63193,MN Global LLC,03/29/2021,03/29/2021,Complete,$0.00,A0317/B0182,SA0317/B0182,1,$108.66
14-06804-63193,MN Global LLC,03/29/2021,03/29/2021,Complete,$0.00,Shipping,,1,$17.00
14-06808-22393,MN Global LLC,03/29/2021,03/29/2021,Complete,$4.05,A0451,SA0451,1,$68.23
14-06808-22393,MN Global LLC,03/29/2021,03/29/2021,Complete,$4.05,Shipping,,1,$17.00
14-06813-56426,MN Global LLC,03/29/2021,03/29/2021,Complete,$0.00,A0250,SA0250,1,$55.09
14-06813-56426,MN Global LLC,03/29/2021,03/29/2021,Complete,$0.00,Shipping,,1,$17.00
14-06819-54226,MN Global LLC,03/30/2021,03/30/2021,Complete,$3.44,A0340,SA0340,1,$55.09
14-06819-54226,MN Global LLC,03/30/2021,03/30/2021,Complete,$3.44,Shipping,,1,$17.00
14-06821-62225,MN Global LLC,03/30/2021,03/30/2021,Complete,$9.28,A0015/B0015,SA0015/B0015,1,$95.52
14-06821-62225,MN Global LLC,03/30/2021,03/30/2021,Complete,$9.28,Shipping,,1,$17.00
15-06809-58827,MN Global LLC,03/29/2021,03/29/2021,Complete,$0.00,A0015,SA0015,1,$55.09
15-06809-58827,MN Global LLC,03/29/2021,03/29/2021,Complete,$0.00,Shipping,,1,$17.00
15-06811-95464,MN Global LLC,03/29/2021,03/29/2021,Complete,$10.44,A0083/B0128/D0128,SA0083/B0128/D0128,1,$173.99
15-06811-95464,MN Global LLC,03/29/2021,03/29/2021,Complete,$10.44,Shipping,,1,$32.00
16-06803-20187,MN Global LLC,03/29/2021,03/29/2021,Complete,$0.00,A0015,SA0015,1,$55.09
16-06803-20187,MN Global LLC,03/29/2021,03/29/2021,Complete,$0.00,Shipping,,1,$17.00
16-06805-05485,MN Global LLC,03/29/2021,03/29/2021,Complete,$5.30,B0453,SB0453,1,$47.25
16-06805-05485,MN Global LLC,03/29/2021,03/29/2021,Complete,$5.30,Shipping,,1,$17.00
16-06805-19654,MN Global LLC,03/29/2021,03/29/2021,Complete,$0.00,A2043/B2044,SA2043/B2044-P,1,$112.58
16-06805-19654,MN Global LLC,03/29/2021,03/29/2021,Complete,$0.00,Shipping,,1,$17.00
16-06820-47261,MN Global LLC,03/30/2021,03/30/2021,Complete,$0.00,A0136-P/B0159,SA0136-P/B0159,1,$95.52
16-06820-47261,MN Global LLC,03/30/2021,03/30/2021,Complete,$0.00,Shipping,,1,$17.00
16-06821-39985,MN Global LLC,03/30/2021,03/30/2021,Complete,$2.73,A0329,SA0329,1,$68.23
16-06821-39985,MN Global LLC,03/30/2021,03/30/2021,Complete,$2.73,Shipping,,1,$17.00
16-06823-83416,MN Global LLC,03/30/2021,03/30/2021,Complete,$0.00,A0015,SA0015,1,$55.09
16-06823-83416,MN Global LLC,03/30/2021,03/30/2021,Complete,$0.00,Shipping,,1,$17.00
19-06807-28568,MN Global LLC,03/29/2021,03/29/2021,Complete,$15.59,A0136-P/B0159/E0159,SA0136-P/B0159/E0159,1,$156.92
19-06807-28568,MN Global LLC,03/29/2021,03/29/2021,Complete,$15.59,Shipping,,1,$32.00
19-06813-91590,MN Global LLC,03/29/2021,03/29/2021,Complete,$11.50,A0103/B0103,SA0103/B0103,1,$112.58
19-06813-91590,MN Global LLC,03/29/2021,03/29/2021,Complete,$11.50,Shipping,,1,$17.00
19-06820-75110,MN Global LLC,03/30/2021,03/30/2021,Complete,$12.20,A0136-P/B0153/C0153,SA0136-P/B0153/C0153,1,$130.89
19-06820-75110,MN Global LLC,03/30/2021,03/30/2021,Complete,$12.20,Shipping,,1,$17.00
20-06808-86601,MN Global LLC,03/29/2021,03/29/2021,Complete,$0.00,A0173,SA0173,1,$55.09
20-06808-86601,MN Global LLC,03/29/2021,03/29/2021,Complete,$0.00,Shipping,,1,$17.00
20-06820-42830,MN Global LLC,03/30/2021,03/30/2021,Complete,$0.00,A0242/B0242,SA0242/B0242,1,$95.52
20-06820-42830,MN Global LLC,03/30/2021,03/30/2021,Complete,$0.00,Shipping,,1,$17.00
20-06821-05765,MN Global LLC,03/30/2021,03/30/2021,Complete,$3.68,D0513,SD0513,1,$61.40
20-06821-05765,MN Global LLC,03/30/2021,03/30/2021,Complete,$3.68,Shipping,,1,$17.00
21-06802-45622,MN Global LLC,03/29/2021,03/29/2021,Complete,$0.00,A0224,SA0224,1,$55.09
21-06802-45622,MN Global LLC,03/29/2021,03/29/2021,Complete,$0.00,Shipping,,1,$17.00
21-06804-09577,MN Global LLC,03/29/2021,03/29/2021,Complete,$0.00,B0159,SB0159,1,$57.49
21-06804-09577,MN Global LLC,03/29/2021,03/29/2021,Complete,$0.00,Shipping,,1,$17.00
22-06812-95423,MN Global LLC,03/29/2021,03/29/2021,Complete,$9.85,A0450/B0453,SA0450/B0453,1,$102.35
22-06812-95423,MN Global LLC,03/29/2021,03/29/2021,Complete,$9.85,Shipping,,1,$17.00
23-06814-86278,MN Global LLC,03/29/2021,03/29/2021,Complete,$0.00,A0178,SA0178,1,$55.09
23-06814-86278,MN Global LLC,03/29/2021,03/29/2021,Complete,$0.00,Shipping,,1,$17.00
24-06816-58889,MN Global LLC,03/29/2021,03/29/2021,Complete,$5.95,A0450,SA0450,1,$55.09
24-06816-58889,MN Global LLC,03/29/2021,03/29/2021,Complete,$5.95,Shipping,,1,$17.00
24-06831-65315,MN Global LLC,03/30/2021,03/30/2021,Complete,$0.00,A0136-P/B0159/E0159,SA0136-P/B0159/E0159,1,$156.92
24-06831-65315,MN Global LLC,03/30/2021,03/30/2021,Complete,$0.00,Shipping,,1,$32.00
24-06833-26279,MN Global LLC,03/30/2021,03/30/2021,Complete,$0.00,A0469/B0469,SA0469/B0469,1,$95.52
24-06833-26279,MN Global LLC,03/30/2021,03/30/2021,Complete,$0.00,Shipping,,1,$17.00
25-06804-94148,MN Global LLC,03/29/2021,03/29/2021,Complete,$7.03,A0176/B0176,SA0176/B0176,1,$95.52
25-06804-94148,MN Global LLC,03/29/2021,03/29/2021,Complete,$7.03,Shipping,,1,$17.00
25-06818-26553,MN Global LLC,03/30/2021,03/30/2021,Complete,$6.28,A0136-P/B0159/E0159,SA0136-P/B0159/E0159,1,$156.92
25-06818-26553,MN Global LLC,03/30/2021,03/30/2021,Complete,$6.28,Shipping,,1,$32.00
27-06807-58104,MN Global LLC,03/29/2021,03/29/2021,Complete,$0.00,D0153,SD0153,1,$61.40
27-06807-58104,MN Global LLC,03/29/2021,03/29/2021,Complete,$0.00,Shipping,,1,$17.00
27-06808-31760,MN Global LLC,03/29/2021,03/29/2021,Complete,$0.00,A0167,SA0167-P,1,$55.09
27-06808-31760,MN Global LLC,03/29/2021,03/29/2021,Complete,$0.00,Shipping,,1,$17.00
27-06810-59013,MN Global LLC,03/29/2021,03/29/2021,Complete,$0.00,A0131/B0131/C0131,SA0131/B0131/C0131,1,$137.72
27-06810-59013,MN Global LLC,03/29/2021,03/29/2021,Complete,$0.00,Shipping,,1,$17.00
27-06817-78895,MN Global LLC,03/30/2021,03/30/2021,Complete,$0.00,A0241,SA0241,1,$61.40
27-06817-78895,MN Global LLC,03/30/2021,03/30/2021,Complete,$0.00,Shipping,,1,$17.00
4810882303148,MN Global LLC,03/29/2021,03/29/2021,Complete,$8.12,A0129/B0129,SA0129/B0129,1,$95.52
4810882303148,MN Global LLC,03/29/2021,03/29/2021,Complete,$8.12,Shipping,,1,$17.00
